:020000040800F2
:20000000002000206D090008590900085B090008000000000000000000000000000000004C
:200020000000000000000000000000005D09000800000000000000005F0900086109000870
:20004000BD090008BD090008BD090008BD090008BD090008BD090008BD090008BD09000830
:2000600000000000BD090008BD090008BD090008BD090008BD090008BD090008BD090008DE
:20008000BD090008BD090008BD090008BD09000800000000BD090008BD0900080904000877
:2000A000BD090008BD090008BD090008BD090008BD090008BD09000800000000000000006C
:2000C00010B5064C2378002B07D1054B002B02D0044800E000BF0123237010BD4800002047
:2000E00000000000C8130008044B10B5002B03D00349044800E000BF10BDC0460000000001
:200100004C000020C8130008002243088B4274D303098B425FD3030A8B4244D3030B8B4238
:2001200028D3030C8B420DD3FF22090212BA030C8B4202D31212090265D0030B8B4219D334
:2001400000E0090AC30B8B4201D3CB03C01A5241830B8B4201D38B03C01A5241430B8B42BD
:2001600001D34B03C01A5241030B8B4201D30B03C01A5241C30A8B4201D3CB02C01A52411E
:20018000830A8B4201D38B02C01A5241430A8B4201D34B02C01A5241030A8B4201D30B02D4
:2001A000C01A5241CDD2C3098B4201D3CB01C01A524183098B4201D38B01C01A524143091B
:2001C0008B4201D34B01C01A524103098B4201D30B01C01A5241C3088B4201D3CB00C01A8E
:2001E000524183088B4201D38B00C01A524143088B4201D34B00C01A5241411A00D2014630
:20020000524110467047FFE701B5002000F006F802BDC0460029F7D076E770477047C0460E
:2002200010B50B480B4B036000230371013343710122524202612132426160328261036284
:2002400000F0D4FC002800D110BD00F06BFBFBE7640000200030024082B0084B02689A421F
:2002600001D002B07047064B9A6B802149010A439A639B6B0B400193019BF2E700300240ED
:2002800000100240054B02689A4200D07047044A936B04490B409363F8E7C04600300240BE
:2002A00000100240FFEFFFFF82B0094B596B012211435963596B0A400092009A596B022261
:2002C000114359635B6B1A400192019B02B0704700100240F0B5CE46474680B591B01C220A
:2002E000002109A801F044F800250595314C636D314A13406365636B02273B436363636B54
:200300003B400293029B4023039304970126069607963A3B99460893284B984603A9180038
:2003200000F0FEFE8023039304970595069607964B46089303A9404600F0F2FEE36B8022FC
:2003400092031343E363E36B13400193019B1C4AC521890053581B021B0A535080231B0474
:2003600013600995174B0A930B950C95A8230D930E950F95144C09A9200000F067FF626828
:2003800080239B0413436360E368104A1340E360E3680F4A1340E36023680E4A13402360D4
:2003A00023680D4A1340236011B0C0BCB946B046F0BDC04600100240FFCFFFFF000400502E
:2003C00000E100E06621C1000054004001F8FFFFFF7FFFFFFFFFF7FFFFFFFDFF10B5064B09
:2003E0001C680648064A074900F05CFCC043001B43425841C0B210BDFCE700086400002059
:20040000FCCF00000018000810B5344B9B691A073ED5324AD16908200143D1619269D20351
:200420002ED52E490A68063802430A602C4A032111702A490A68202002430A609B0648D536
:20044000264AD36920210B43D361254B1B78DAB2032B30D0042A3FD1224B00221A80204B9E
:2004600001321A701D4B1A688A431A605968802212020A435A601A6808210A431A602BE093
:200480001648026804210A430260154A1170D0E79A07D3D45A07D1D5104A516A11480288E2
:2004A00094B2013292B20280CAB20F490A550C4A04211170C2E7094BD969982252000A4336
:2004C000DA611A6808210A431A60054B00221A7002E0064B01221A8010BDC046005400401C
:2004E00096000020A0080020980000209400002070B51A4C200000F07DFE6368184A13407C
:20050000636023680122934323602368073293432360144D00242C60134B1968053A0A407B
:200520001A60124A01214942802011500130FF3011500F4A146654669466D4669969802211
:2005400052000A439A6100F0BDFE0A4800F090FB00F036FA2C606C60AC6070BD0054004044
:20056000FFFFFFFD10E000E00000014000E100E0001802406400002010B5FFF72FFF0028C0
:2005800007D00D4B1B680D4A134080229205934200D010BDFFF7ACFF074A094B9A60094BC0
:2005A0001968094B19601968084B1960126882F308881B689847ECE7001800080000FE2F9F
:2005C00000ED00E004180008900000208C000020F0B5DE4657464E464546E0B589B0002358
:2005E00007934E4A53789078D17814791B06000403431C4309020C43494B9C4200D886E04C
:20060000130052799B7912029B189BB2002B76D0444B1B695B0306D596239B00424AE25005
:20062000404B424A1A6100F09BFB0028FBD102230393F8231B06E318DB0A05930123069382
:20064000322000F0A1FB07A903A800F02FFC0028F6D180231B01E3189C424BD22200083246
:2006600093429B415B425A4253415B42FF22134001339946082608235B429A46A244274BAA
:20068000984653469F1943469D5D731C4246D15CB31CD35C9B46F31CD05C331DD45C731D3A
:2006A000D35C9C46B31DD25C0192F31D4246D35C09025A46120411430D4300060543624676
:2006C00011020C43019A120414431B061C43322000F05AFB2A0023003900012000F08EFB79
:2006E0000028F4D101235B429C46E14408364B46002BC6D100F0B8FB322000F045FB00236C
:20070000064800210A4AC15401339342FBD109B0F0BCBB46B246A946A046F0BD9800002094
:20072000FF1700080020024023300000FBC300000808000070B51E4D1E4C1F4E02E0237834
:20074000012B07D000F098F92B689842F7D9FFF713FFF4E77F3380221204F250BFF34F8FB9
:20076000BFF36F8F134B00221A70144B1B78DAB2062B04D0772A0BD1FFF7FEFE08E000F0F5
:200780007BF90F4B9C466044094B1860FFF720FF80231B0433600B4B1A6808210A431A6007
:2007A0001A68012002431A601A680A431A60C9E7880000209600002000E100E09800002007
:2007C00020A107000054004010B5284A136807218B4305390B431360110007220B68134016
:2007E000022BFBD1224A1168FE330B43136011008022D2000B681342FCD01D4BD9681D4A00
:2008000011401D4A0A43DA601968802252040A431A60D968802252050A43DA6019008022DD
:2008200092040B681342FCD0114A936813490B409360936807218B4305390B43936011001D
:2008400038228B681340102BFBD1094A93680C490B4093600B4800F085FD032000F0C4F87C
:20086000002800D110BD72B6FEE7C04600200240001002408C80FF1F02080020FFF0FFFFAA
:20088000FF8FFFFF0090D00310B588B000F0D4F8FFF79AFFFFF708FDFFF7C2FC102200211F
:2008A00004A800F065FD1B4B5A6B01210A435A635A6B0A400192019A586B022210435863B1
:2008C0005B6B1A400292029BC02303930591124C03A9200000F038FB1E2000F02BFD236989
:2008E0005B0602D423691B060CD5FFF7F3FC0B4B1A6801210A431A601A6807310A431A600C
:20090000FFF718FF00F0B8F8F530FF30044B1860EBE7C046001002400004005000540040FD
:200920008800002072B6FEE782B00A4B196C012211431964196C0A400092009ADA6B802121
:2009400049050A43DA63DB6B0B400193019B02B07047C04600100240FEE7FEE77047704705
:2009600010B500F07DF810BD704700000D488546FFF7FAFF0C480D490D4A002302E0D45888
:20098000C4500433C4188C42F9D30A4A0A4C002301E013600432A242FBD300F0F1FCFFF7BA
:2009A00073FFFEE7002000200000002048000020F813000848000020C4080020FEE7704715
:2009C00010B5084B01214942D9620022DA6219631A6399629A6259625A62FFF7F0FF00204D
:2009E00010BDC0460010024070B504000F4B19780120002900D170BD0D4DFA208000FFF78C
:200A000083FB01002868FFF77FFB00F06DF803000120002BEFD1032CEDD80022210040423A
:200A200000F030F8034B1C600020E4E704000020000000200800002010B5084A116880234A
:200A40005B000B4313600320FFF7CEFF041E02D00124200010BDFFF767FFFAE700200240EF
:200A6000034A1168034B1B785B1813607047C046A408002004000020014B18687047C046B3
:200A8000A408002070B5002814DB8408A400144B9C466444C026B600A55903220240D20062
:200AA000FF2318009040854389010B4093402B43A35170BD0F230340083B9B089B00094AE4
:200AC00094466344DC6903221040C000FC3215008540AC4389010A4082402243DA61E8E71F
:200AE00000E100E000ED00E0013880235B0498420FD2094A50600948036A1B021B0AC0218E
:200B000009060B4303620023936007331360002070470120FCE7C04610E000E000ED00E0D2
:200B2000F0B583B00C00019111009208032924D90026076823781B0665782D042B43E57841
:200B40002B43A5782D022B433B60013604349642EFD303231C000C400B4215D0012C0ED0FE
:200B6000022C15D19200019B9C5C24029C466244537823430268138006E00022E9E703681C
:200B800092000199525C1A700368186803B0F0BD9200019B9C5C24029C46624453782343A1
:200BA00001680B80036892781A70EDE7F0B583B00C00019111005208012915D900250668E2
:200BC00023881B0467883B433360013504349542F5D3C90704D5036892000199525A1A80B8
:200BE0000368186803B0F0BD0022F2E710B5041E39D0437F002B25D0022363772379002B17
:200C000024D12368194A5A612268936818218B4393606379002B22D12368012252421A6100
:200C20002268936860218B4361690B4393602268936880218B43A1690B4393600123637798
:200C4000002010BD0377FFF707FBD5E7E268A168200000F04FF80028DBD00120F1E7236878
:200C600022691A61DCE70120EBE7C046B71DC10470B5041E14D0437FD8B2022B0FD0022371
:200C800063772268936801210B439360236800255D602000FFF7F6FA65772577002070BD5A
:200CA0000120FCE770B50400022343770068836801252B438360236A022B17D0032B06D0B9
:200CC0000020012B0FD12000FFF72AFF0BE0002A07D00B0092008918226801CB10608B42EC
:200CE000FAD1236818680123637770BD2000FFF75DFFF8E7F0B507000120CB0725D51F23C7
:200D00001F260125013B27D334001C400800E0400542F7D0102A19D0102A08D8002A0BD02A
:200D20000120082A11D101200F2B0ED804E0182A10D10120062B08D83B68596139688B6813
:200D40001820834313438B600020F0BD072BF3D90120FAE70120F8E7102ADDD10120F4E7A3
:200D6000064B5B690020002B00DB7047034B044A9A60044A9A605869C00FF6E700200240D4
:200D800023016745AB89EFCDF8B50400FFF774FE0700164E80256D0233692B4208D0631C9B
:200DA000FAD0FFF769FEC01BA042F5D303201CE00E490A690E4B15001D400E4808611A42B8
:200DC0000ED10E008025ED0233692B420CD0631CFAD0FFF751FEC01BA042F5D3032004E093
:200DE000054B5D60012000E00020F8BD00200240FAC30000FBC30000A8080020F8B50600B0
:200E00000F0014001D00164B1B78012B26D0144B01221A7000225A60FA208000FFF7B4FF51
:200E200000280DD1012E0FD02100380000F0D8FAFA208000FFF7A8FF0A4A5369B343536192
:200E4000074B00221A70F8BD064A536901210B4353613C60BFF36F8F7D60E9E70220F2E7BB
:200E6000A80800200020024010B5FA208000FFF78BFF054B5969802212060A435A615869CC
:200E8000C043C00F10BDC04600200240044A5369C900044803401943034B0B435361704786
:200EA0000020024007E0FFFF02000100F8B504000E00224B1B78012B3DD0204B01221A70D8
:200EC00000225A60FA208000FFF75EFF00282ED1042363602368042B19D001235B42336041
:200EE000A568E368EB189D421CD2FA27BF0060682900FFF7CBFF3800FFF746FF002810D1BD
:200F00000135A368E2689B18AB42F0D80AE00C4A51690C4B0B435361FA308000FFF734FFB8
:200F200005E03560064A536902218B435361034B00221A70F8BD0220FCE7C046A8080020FC
:200F40000020024004000100F0B5DE4657464E464546E0B583B00F68002F00D1D1E0002293
:200F600000230124A0460234694DAB4652E0876825009540AF43B946CF6897404D462F4347
:200F800087604768B7434E68360945462E409E403E4346604AE000265546AE404D462E43F1
:200FA0003E665D462D68AA466546ED4301954D6880267603354200D094E05646019D2E40BD
:200FC0005D462E606D68AA464D688026B603354200D08BE05646019D2E405D466E60842692
:200FE000AE594D68AD0300D584E0019D2E4084255F467E518026BE594D68ED037DD4019DD2
:201000002E4080275D46EE5101330F6802323E00DE4076D046469E403D003540AC463742D1
:20102000F2D04F682740013F012FA0D94E682640032E22D0C76826009640B7438E689640B7
:201040003E43C6604E682640022E16D1DE08B600851901952D6AAA4607271F40BF000F25DF
:20106000BD40A94655464E46B543AA460D69BD402F0055462F43019D2F6207682600964024
:20108000B7434E68264096403E4306604E68C025AD022E42B8D09F08BF001D4DA9464F44E9
:2010A0003D6E019525001D40ED00AA460F255646B540019EAE43B146A025ED05A84200D1D2
:2010C00069E7144EB04209D0134EB04208D0134D4619751EAE41760003365DE701265BE7CB
:2010E000022659E7654656462E4369E7654656462E4372E765462E4379E7654635432E00A2
:201100007FE703B0F0BCBB46B246A946A046F0BD00180240000400500008005000F4FFAFE7
:20112000F0B5D6464F464646C0B50B68002B5AD000220124A14620E0C36898462700674388
:201140007B009C46BC446346DE430B697B439A46454663469D432B0055461D43C5604B6844
:20116000022B25D004684B687B4334402343036001320B681C00D44035D04E4696401C00D2
:2011800034403342F4D04B68013B012BD4D88368270067437E00F619B3438E687E4333436F
:2011A00083604368A343CE68664333434360C3E7FF2C0CD8036A3C007C43A44624016546E8
:2011C000641BA3434C696C4323430362CAE7436A240A6443644325012D1BAB434D696C43E0
:2011E00023434362BEE70020E0BCBA46B146A846F0BD00000300104A904204D00F4A012074
:2012000093420CD070470E4BD96A802292030A43DA62DA6A0B490A40DA620020F2E7084BA0
:20122000D96A8022D2030A43DA62DA6A06490A40DA620020E6E7C046005400400058004033
:2012400000100240FFFFDFFFFFFFBFFF30B503680124A34303600268CB681B028D682B43C9
:20126000154D2A40134303604B6803610368234303608368114A1340836082680B698C69CF
:201280002343D20AD202134383600B69002B04D0826880231B02134383600368084A134099
:2012A0000A68134303604368044A13404A6913434360002030BDC046FFE0FFFFFF7FFFFF9F
:2012C000FFFFCFFF194A116880235B000B43136011008022D2000B681342FCD0134B59686F
:2012E000134A11408022D2010A435A6000229A600132FF321A601900802292020B681342B3
:20130000FCD10A4B802252001A601900802292040B681342FCD1054B80225201DA600022B6
:201320009A61013A1A6200207047C04600100240FF80FFFF82B00A4B1B680193019B431CB6
:201340005A1E9341C018064980225202002804D00B681342FAD00138F8E702B07047C0460F
:2013600010E000E0014B18607047C0460000002003008218934200D1704719700133F9E765
:2013800070B500260C4C0D4D641BA410A64209D1002600F019F80A4C0A4D641BA410A6426C
:2013A00005D170BDB300EB5898470136EEE7B300EB5898470136F2E7F0130008F01300084E
:2013C000F4130008F0130008F8B5C046F8BC08BC9E467047F8B5C046F8BC08BC9E46704767
:2013E00001B40248844601BC604700BF0D000020E9000008C10000080024F4000100000001
:201400000400000030B50D4A54698023DB0223435361EFF3108572B64C1CFF340B00411A95
:201420001A68CA500433A342FAD10449802252020B691342FCD185F3108830BD00200240F1
:20144000FFFFFFFFFFFFFFFFFFFFFFFFFFFFFFFFFFFFFFFFFFFFFFFFFFFFFFFFFFFFFFFFAC
:20146000FFFFFFFFFFFFFFFFFFFFFFFFFFFFFFFFFFFFFFFFFFFFFFFFFFFFFFFFFFFFFFFF8C
:20148000FFFFFFFFFFFFFFFFFFFFFFFFFFFFFFFFFFFFFFFFFFFFFFFFFFFFFFFFFFFFFFFF6C
:2014A000FFFFFFFFFFFFFFFFFFFFFFFFFFFFFFFFFFFFFFFFFFFFFFFFFFFFFFFFFFFFFFFF4C
:2014C000FFFFFFFFFFFFFFFFFFFFFFFFFFFFFFFFFFFFFFFFFFFFFFFFFFFFFFFFFFFFFFFF2C
:2014E000FFFFFFFFFFFFFFFFFFFFFFFFFFFFFFFFFFFFFFFFFFFFFFFFFFFFFFFFFFFFFFFF0C
:20150000FFFFFFFFFFFFFFFFFFFFFFFFFFFFFFFFFFFFFFFFFFFFFFFFFFFFFFFFFFFFFFFFEB
:20152000FFFFFFFFFFFFFFFFFFFFFFFFFFFFFFFFFFFFFFFFFFFFFFFFFFFFFFFFFFFFFFFFCB
:20154000FFFFFFFFFFFFFFFFFFFFFFFFFFFFFFFFFFFFFFFFFFFFFFFFFFFFFFFFFFFFFFFFAB
:20156000FFFFFFFFFFFFFFFFFFFFFFFFFFFFFFFFFFFFFFFFFFFFFFFFFFFFFFFFFFFFFFFF8B
:20158000FFFFFFFFFFFFFFFFFFFFFFFFFFFFFFFFFFFFFFFFFFFFFFFFFFFFFFFFFFFFFFFF6B
:2015A000FFFFFFFFFFFFFFFFFFFFFFFFFFFFFFFFFFFFFFFFFFFFFFFFFFFFFFFFFFFFFFFF4B
:2015C000FFFFFFFFFFFFFFFFFFFFFFFFFFFFFFFFFFFFFFFFFFFFFFFFFFFFFFFFFFFFFFFF2B
:2015E000FFFFFFFFFFFFFFFFFFFFFFFFFFFFFFFFFFFFFFFFFFFFFFFFFFFFFFFFFFFFFFFF0B
:20160000FFFFFFFFFFFFFFFFFFFFFFFFFFFFFFFFFFFFFFFFFFFFFFFFFFFFFFFFFFFFFFFFEA
:20162000FFFFFFFFFFFFFFFFFFFFFFFFFFFFFFFFFFFFFFFFFFFFFFFFFFFFFFFFFFFFFFFFCA
:20164000FFFFFFFFFFFFFFFFFFFFFFFFFFFFFFFFFFFFFFFFFFFFFFFFFFFFFFFFFFFFFFFFAA
:20166000FFFFFFFFFFFFFFFFFFFFFFFFFFFFFFFFFFFFFFFFFFFFFFFFFFFFFFFFFFFFFFFF8A
:20168000FFFFFFFFFFFFFFFFFFFFFFFFFFFFFFFFFFFFFFFFFFFFFFFFFFFFFFFFFFFFFFFF6A
:2016A000FFFFFFFFFFFFFFFFFFFFFFFFFFFFFFFFFFFFFFFFFFFFFFFFFFFFFFFFFFFFFFFF4A
:2016C000FFFFFFFFFFFFFFFFFFFFFFFFFFFFFFFFFFFFFFFFFFFFFFFFFFFFFFFFFFFFFFFF2A
:2016E000FFFFFFFFFFFFFFFFFFFFFFFFFFFFFFFFFFFFFFFFFFFFFFFFFFFFFFFFFFFFFFFF0A
:20170000FFFFFFFFFFFFFFFFFFFFFFFFFFFFFFFFFFFFFFFFFFFFFFFFFFFFFFFFFFFFFFFFE9
:20172000FFFFFFFFFFFFFFFFFFFFFFFFFFFFFFFFFFFFFFFFFFFFFFFFFFFFFFFFFFFFFFFFC9
:20174000FFFFFFFFFFFFFFFFFFFFFFFFFFFFFFFFFFFFFFFFFFFFFFFFFFFFFFFFFFFFFFFFA9
:20176000FFFFFFFFFFFFFFFFFFFFFFFFFFFFFFFFFFFFFFFFFFFFFFFFFFFFFFFFFFFFFFFF89
:20178000FFFFFFFFFFFFFFFFFFFFFFFFFFFFFFFFFFFFFFFFFFFFFFFFFFFFFFFFFFFFFFFF69
:2017A000FFFFFFFFFFFFFFFFFFFFFFFFFFFFFFFFFFFFFFFFFFFFFFFFFFFFFFFFFFFFFFFF49
:2017C000FFFFFFFFFFFFFFFFFFFFFFFFFFFFFFFFFFFFFFFFFFFFFFFFFFFFFFFFFFFFFFFF29
:2017E000FFFFFFFFFFFFFFFFFFFFFFFFFFFFFFFFFFFFFFFFFFFFFFFFFFFFFFFFFFFFFF0107
:2018000000200020954400089D4100089F41000800000000000000000000000000000000D9
:20182000000000000000000000000000A14100080000000000000000A3410008A5410008E4
:20184000E5440008E5440008E5440008E5440008E5440008E5440008E5440008E544000800
:2018600000000000E5440008E5440008E5440008E5440008E5440008E5440008E544000811
:20188000E5440008E5440008E5440008E544000800000000E5440008E544000821490008B0
:2018A000E5440008E5440008E5440008E5440008E5440008E54400080000000010B5064CEB
:2018C0002378002B07D1054B002B02D0044800E000BF0123237010BDD000002000000000BE
:2018E000C8810008044B10B5002B03D00349044800E000BF10BDC04600000000D400002087
:20190000C8810008002243088B4274D303098B425FD3030A8B4244D3030B8B4228D3030C14
:201920008B420DD3FF22090212BA030C8B4202D31212090265D0030B8B4219D300E0090A33
:20194000C30B8B4201D3CB03C01A5241830B8B4201D38B03C01A5241430B8B4201D34B0376
:20196000C01A5241030B8B4201D30B03C01A5241C30A8B4201D3CB02C01A5241830A8B42CE
:2019800001D38B02C01A5241430A8B4201D34B02C01A5241030A8B4201D30B02C01A5241A9
:2019A000CDD2C3098B4201D3CB01C01A524183098B4201D38B01C01A524143098B4201D3CF
:2019C0004B01C01A524103098B4201D30B01C01A5241C3088B4201D3CB00C01A52418308F9
:2019E0008B4201D38B00C01A524143088B4201D34B00C01A5241411A00D20146524110464D
:201A00007047FFE701B5002000F006F802BDC0460029F7D076E770477047C0468446100005
:201A200062468C461900634600E0C0461FB501F03FF9002801D40021C8421FBD10B501F0CD
:201A400083F84042013010BD10B501F031F9002801DB002010BD012010BDC04610B501F010
:201A600027F9002801DD002010BD012010BDC04610B501F0ADF8002801DC002010BD0120F1
:201A800010BDC04610B501F0A3F8002801DA002010BD012010BDC04670B500220C4B04009C
:201AA0000D00FFF7EFFF002804D12000290002F05DF870BD064B00222000290001F04CFC86
:201AC00002F054F880231B069C466044F1E7C0460000E041F0B546464F46D6464502C0B5E1
:201AE000C30F470098460E1C6D0A3F0E5BD0FF2F21D08023ED00DB041D43002399469A4606
:201B00007F3F74027300640A1B0EF60F002B20D0FF2B43D080220020E400D20414437F3B9D
:201B20004246FF1A4B4672400F2B00D99DE071499B00CB589F46002D5AD108239946063B31
:201B400074029A467300FF27640A1B0EF60F002BDED1002C3BD1012342464946724019439F
:201B60000E2918D86448890041588F465346022B00D1B8E0032B6ED042462C00012B40D10F
:201B800000200024C0052043D2071043E0BCBA46B146A846F0BDFF200024F3E7002C20D145
:201BA0000223FF3FD8E7002D05D104239946033B00279A46A5E7280002F080F87627431F98
:201BC0009D4000237F4299469A463F1A99E7200002F074F8431F9C4076235B421B1A002065
:201BE0009EE703234A461A4391460320FC3397E70C239946093BFF279A4682E703282CD0BE
:201C0000320038007F30002847DD630704D00F232340042B00D00434230103D53800374B9F
:201C200080301C40FE28B6DCA401640AC0B2A9E780240022FF20E403A4E78023DB031D4294
:201C400001D01C420BD08024E4032C4364024246FF20640A96E746462C008023DB031C43F0
:201C600064023200FF20640A8CE76D01600185422DD21B230024013F0126290064006D0074
:201C8000002901DB854201D32D1A3443013B002BF3D16B1E9D412C43B3E701231B1A1B2BAC
:201CA00000DD6DE721009E37D940BC400B00611E8C412343590704D00F211940042900D071
:201CC0000433590113D49B0100205C0A5AE71A2301242D1AD0E7981E434258414042320041
:201CE0000024C0B24EE74246FF2000244AE70120002447E7E081000820820008FFFFFFF7A3
:201D000010B5041E0DD001F0D9FF9E231B1A962B0CDC082834D0083884406402640AD8B201
:201D200001E000200024C005204310BD992B13DC421F9440144A224061071CD00F212140FC
:201D4000042918D00432D408520115D59F236402181A640AC0B2E6E7020021001B329140D7
:201D60000A00511E8A410521091ACC401443064A22406107E2D1D4086402640AD8B2D2E7B3
:201D80006402640A8E30CEE7FFFFFFFBF0B54F464646D646C0B582B0009001910E034C00FC
:201DA000CD0F710A009E5F00760F0E43009900920193C900894619037B0D9846019B490A31
:201DC000DB0F9C46009B009A5B0F0B434146640DD200611A654500D1A6E0002972DD4746FF
:201DE000002F00D1DDE0CC4FBC4200D19AE10127382917DC80273F043B431F2900DDDDE1FA
:201E00002027781A1F008740BA461700CF40844638005746074360468240CB40501E824150
:201E2000F61A17434B46DF1BB94580414042361A330200D4FFE07602760A002E00D13CE120
:201E4000300001F03BFF0300083B20213800CA1AD0409E4002009F4032439C4200DDA6E1FE
:201E6000181B0130091A3E008F40C6407B1E9F4113008B4037431F43C2403B00160000241E
:201E8000134300D1DFE17B0700D132E30F233A003B40042B04D03A1DBA42BF417F42F619E6
:201EA000330200D423E39C4B01349C4200D1B4E09A4B64051E40640D7707D208760217436D
:201EC000360BACE0002900D17EE04146091B002C00D060E134004846044300D1C9E14C1E07
:201EE000012900D12EE28C4DA94200D124E20127382C11DC21001F2900DD0BE22024370015
:201F00004846641AA740C84007434846A040CE40441EA0419B1B0743D71BBA429241524268
:201F2000654644469E1A83E7002900DC9CE04746002F67D11F00174300D1E4E0481E012937
:201F400000D19BE1744FB94200D1EBE001270100382811DC1F2900DDC7E12027781A1F009F
:201F6000844687401000C840074360468240CB40501E8241F61817434F444F4580414042F8
:201F80003618330257D5644B01349C4245D00121624B7A081E4039400A43F7071743760870
:201FA00071E71F00174300D1ADE04F1EBC46012900D182E1584FB94200D190E16146012772
:201FC000382900DD2EE718E7554F611C394200D0D0E0310048461F0001431743002C00D01B
:201FE0003DE1002900D1BCE1002F00D0BFE14B460021D80877070743F00806034C05360BA0
:20200000640D0CE0444FBC4200D18BE001273829B2DC80273F043B439CE70026002724051E
:202020003443ED072C433800210002B0E0BCBA46B146A846F0BD7B0704D00F233B40042B5B
:2020400000D028E7F808344B77070743F0089C4200D04AE23B00034359D0802636030643B6
:2020600036032D4C360BDAE7002961D04146091B002C00D1B9E0284CA04500D1A5E1012739
:20208000382913DC8024240426431F2900DDC8E1202437004846641AA740C840074348469F
:2020A000A040CE40441EA0419B190743BF189742924152424446D61863E7380001F0FEFDF4
:2020C000030018331F2B00DCBFE63A00083882409C4200DD83E01B1B581C1F2800DCB4E12B
:2020E00017001F3BDF40202805D040231B1A9A40531E9A4117430024002F0AD07B0700D09C
:20210000C4E626009EE74B460C00D8089BE70027014C002683E7C046FF070000FFFF7FFFDF
:20212000FE0700004B467707D8080743F00891E7CD4F611C39426BD1310048460143002C72
:2021400000D04BE11F001743002900D181E1002F00D14CE74A444A458041F61840423618BF
:20216000330200D5B0E117009146374300D03EE7002654E74946891A8846C145BF41F11AF5
:202180007F42C91B0F0261D447460F4300D1BDE00E00474651E6B54CA04500D100E1012775
:2021A000382900DDB8E6802424042643A3E6B04EE41A16407B0700D03FE743E70F0018006A
:2021C000203FF8408446202903D04027791A8B401A43531E9A41634617001F4322E6A448FE
:2021E000E11A10404707C00807E734004846044300D1FAE04C1E012900D1D7E09B4FB942DB
:2022000000D1E2E00127382C00DD4FE721003CE7964CA14200D1DDE04A444A458041F3180C
:2022200040421818C707520817434608520705D00F220C003A40042A00D02CE67607FF08A3
:2022400037430009D9E600270026E8E64946571ABA4292419E1B52426546B61AEDE500298F
:2022600000D0C6E0002F67D1802600257F4C3603D5E665460C001E00D008E4E64A444A4563
:202280008041F318404218181100030200D496E0774B49081840C3070B434408490700D170
:2022A00029E10F221A40042A00D1EAE01F1D9F42B641764236190224C4E649468F1AB9459F
:2022C0008041F61A4042361A330206D47307FF0801211F43F00890E665460124ABE54B46E8
:2022E0007707D8080743F008B4E60F001800203FF8408446202903D04027791A8B401A43DE
:20230000531E9A41634617001F4335E600250024002684E60C003500203CE540202905D07B
:202320004024611A8E404946314389464846411E884107002F43EFE5D2085F0765461743D6
:20234000D80887E6171ABA4292419E1B5242B61A3302C1D47307FF08654601211F43F008A1
:202360004BE6002F7BD065461E0091463FE6811A8846C145A441F11A6442091B80242404F8
:20238000214277D0101A8242924107009E1B5242B61A374300D0A0E06546002400263EE6CB
:2023A0005F07D20865461743D80853E6811891429241F01852428018030200D568E74707D5
:2023C000C9080F43C008012117E6D2085F071743D8083FE60C000026002720E6002956D1A5
:2023E0005F07D2081743D80834E60C001E00D00829E6C10870070143F008002F62D08024B7
:202400002403204207D0DE08264204D165463000D1085B0719434F0FC900C9087F070F43F7
:2024200018E60C003000203CE0408446202905D04024611A8E404946314389464846411E92
:202440008841614607000F4330E620210027091A0EE51E00002F00D022E5002458E7002573
:2024600000240026DBE5C046FE070000FF070000FFFF7FFF47460F4300D147E70E00C146D2
:20248000B5E5DF086407022127430009B5E51900C008770707431143F008002900D1D9E573
:2024A00080210903084207D0DC080C4204D1D2085B071A43170020007B0FFF00FF085B0785
:2024C0001F43C7E50F00C5E5124BD20833405F075B02012417431E0BA1E5264212D00D4BF8
:2024E0006546020001241E40E6E4210085E51700A8E53A00D4E4DB0864071C4327000221CA
:2025000000097AE5C0087707074365460021F00873E5C046FFFF7FFFF0B5DE464546574634
:202520004E46E0B587B0009201930B031B0B9B46CA0F4B00040080465B0D029200D198E0CD
:202540007C4A934237D05946420FC9000A43802109041143C2009046774A894692469A44F3
:20256000002300240393009E019F3B031B0B9B467B0030005B0DFD0F002B59D06D4A9342FC
:2025800048D05946720FC9000A438021090411438B466949F2008C4651466344CB1A9A46A1
:2025A0000021029E6E40F6B20F2C00D9CEE0634BA4001B599F465A460243914600D090E09B
:2025C0009A460223904608240393CCE7CB464246029D0399022900D1DEE1032900D18DE0B2
:2025E000012900D079E12E0000220023002490461B052343F60733434046190007B0F0BC1F
:20260000BB46B246A946A046F0BD002200249046484BEDE75A46009B1A43494B9C46E24488
:20262000002A59D102231C43002302219B46B8E75A46009B1A4349D05B46002B00D19CE131
:20264000584601F03BFB020003000B3A1D27009EBA1A19005846D640083988403200024368
:202660009346009A8A40374953448A4600219A4497E75B460343994621D05B46002B00D165
:2026800069E1584601F01AFB0B235B429C460200844466461D239B1B260011005846DE4040
:2026A0000839884033000343994623008B409846254B00249B1A9A460023039353E70023AE
:2026C00098469A460133042403934CE701231C43002301219B4664E70323320003211C4348
:2026E0005FE79A460323D9460C2403933BE700238024984600260F4B240379E780245B4696
:2027000024031C4324032E0090460A4B240B6FE780244B462403234202D05B462342F0D0D5
:2027200080244B4624031C432403029E014B240B5EE7C046FF07000001FCFFFF5C8200086A
:2027400001F8FFFFF30300000DFCFFFFCB4500D2F8E000D1F3E001235B429C46444648466C
:202760000025E2445B46170E1B021F43190C3B04120200971F0C914602910397FFF748F954
:2027800002007A430B04210C804619438A4209D9009F0123BC465B4261449C46E0448F4290
:2027A00000D85CE1881A0299FFF732F9039A240442430904240C03000C43A24206D9009971
:2027C000013B8C466444A14200D842E1A01A424612041A4393464B4659461B0C1F000493CA
:2027E0000B0449460904090C0C001B0C5C43120C7B43884651437A43270CBC465B186344FD
:20280000994203D9802149028C466244190C24041B04240C8A181C19904202D316D1A542B5
:2028200014D25B46009F013B4D4405934D459B41BC465B426344C018874200D302E182423E
:2028400000D929E100D124E1059B9B462C1BA542AD41009B801A6D42401B834200D10FE15D
:202860000299FFF7D5F8039A0B044243210C050019438A4200D9CBE0881A0299FFF7C8F8F8
:20288000039A240442430904240C03000C43A24200D9CAE04146A41A2A041A43049F13046E
:2028A0001B0C594340467B439C46150C68430B0C844463447D43984203D9802040028446BB
:2028C0006544180C09041B04090C40195B18844227D323D0012335001A43944B5344002B14
:2028E00060DD510700D086E02E00D1085A46D20106D55A468E4B1A4080239346DB005344F7
:202900008C4A934200DD80E65A4652070A4390465A465B055402240B5B0D69E63500002B11
:20292000DBD0009D511EAC466444AC4200D29EE0844200D2E1E000D1EEE00A00CAE74245CE
:2029400000D908E74B46DC07580843465B081C434346DD0706E701F0B1F915239C468444B9
:202960000200634620321C2B00DC92E62300083883409946002398469AE601F09FF90200AE
:202980000300153220331C2A00DC5FE600990838814000228B4666E600222E000024904610
:2029A000654B25E62E000121C91A382900DD1BE61F297EDC6148140050445B4682408340D1
:2029C000CC40501E824123431A435B46CB40510709D00F211140042905D0111D91429241C3
:2029E00052429B180A00190200D49BE00022012300249046FCE50F211140042900D173E722
:202A0000111D9142924152422E00C90893446DE7009B013D9C4661448B4200D92CE78A423F
:202A200000D829E7851E614426E70099013B8C466444A14200D92DE7A24200D82AE7831ECC
:202A4000644427E7874200D0FEE6A94500D9FBE6F5E6A24200D8B9E6831E6444B6E68A42B4
:202A600000D89FE6BC46831E984661449AE60A00844200D02EE74B4500D02BE735002CE7E4
:202A80002A4B2F4A5344924543DB0122002193442CE7AC4200D8D7E602235B429C460099CE
:202AA0004D444D459B41E3448C465B426344C018CCE61F204042C31A5846D840202904D0DF
:202AC0005946204B534499400A43531E9A4107231900024300241140134209D0083313402A
:202AE000042B1DD0131D934289411A0049424907D2080A43904600237AE54946009F4D00FC
:202B00004D458941BC4649426144A946023A6418AEE70122524246E79945EED30A00AAE7CD
:202B20000021E5E759075B021C0BE1E7FF030000FFFFFFFEFE070000FF0700001E040000D2
:202B400002FCFFFF3E040000F0B55746DE464E464546E0B50D000400E80F83460903D80F59
:202B6000090B824619488C461F0369005E00490D3F0B760D814218D086420FD00120B142D4
:202B80000DD1BC450BD1944209D1D3451CD0002905D160462043431E984100E00120F0BCD7
:202BA000BB46B246A946A046F0BD01208E42F6D1614639430F0017432743F0D15B465246F2
:202BC000981A431E9841EAE70020E8E7FF070000F0B557464E464546DE46E0B50D000E030B
:202BE0004900490D8A46DF0FE90FBC4683B02F4F040080460191580019039146360B090BD1
:202C0000400DBA451DD0B8420DD05746002F2AD13443002824D10A4336D0002C41D163460F
:202C20005800013815E0114338D15346002B01D12643F4D0019B634507D1019B58000138A5
:202C400007E026432AD1504521D00120019B5F42384303B0F0BCBB46B246A946A046F0BDF0
:202C6000002CDCD0E6E70028EFD0019B6345ECD18245EADCE1DB8E42E7D8DED1C845E4D877
:202C80000020C845E5D2D8E7002CE2D0DDE7114304D1019B6345D8D10020DAE70220404254
:202CA000D7E7019B6345E6D0CFE7C046FF070000F0B557464E464546DE46E0B50D000E0362
:202CC0004900490D8A46DF0FE90FBC4683B02E4F040080460191580019039146360B090BF1
:202CE000400DBA451ED0B8420DD05746002F27D13443002833D10A4334D0002C40D1634625
:202D00005800013815E0114312D15346002B01D12643F4D0019B63451DD00120019B5F42A4
:202D2000384306E0264303D15045F6D111431CD0022003B0F0BCBB46B246A946A046F0BD5D
:202D40000028EAD0019B6345E7D18245E5DC02DB8E42E2D80ED0019B58000138E9E7002C9F
:202D6000CDD0D7E7002CE4D0D7E7019B00206345DFD0D2E7C845D0D80020C845D9D2EAE730
:202D8000019B6345E4D0C8E7FF070000F0B557464E46DE464546E0B51F000B031B0B160003
:202DA0009A46CA0F4B000400914685B05B0D00D1CFE1CD4A934255D05146420FC9000A4307
:202DC000802109041143C2009046C84A8A4693469B440023002502933C037B00FA0F019688
:202DE000240B5B0D009200D188E1BF4A934200D192E0BE4A944663449B440A2D42DCE400AE
:202E0000730F23438024494624041C43F3000193009B00205940CBB20393022D00DC94E0A3
:202E20000123AB401D00A6232A00DB001A401D4200D029E290239B001D4200D14DE2002334
:202E4000802499462403A84B10004A461B052343D2071343190005B0F0BCBB46B246A9461E
:202E6000A046F0BD52460243904600D0ACE19B460223924608250293AEE7009BA246994618
:202E8000019B9846029B022B00D1CAE1032B00D192E1012B10D1002300240022D4E70122AC
:202EA0007B083A4013435246D2071343984653465B089A46039B99465B46581C8023DB002E
:202EC0005B44002B00DCB1E1424652070BD00F2241460A40042A06D04246111D41459241E9
:202EE0008846524292445246D20106D55246804B1A4080239246DB00C3187E4A934200DDEC
:202F00008FE14246D108524652070A4351465B054C02240B5B0D97E7734B26439C46E34418
:202F2000002E00D16FE1032349461D43009B5940CBB203930A2D00DD33E10123AB401D0092
:202F40000323029388222A4297D1424643461204120C160001981D0C030C0004000C464373
:202F6000B4461E006E430096160007005E436146B0466F430E0CB8444644B74205D98021CD
:202F800049028846009F4744009761460904090C370C36048C463100614401911100260C94
:202FA0002404240C61438C462100694389466146090C884672434A4442447543914503D9EA
:202FC0008021490288464544110C884661460904090C8C4612046244B91802915146090C5C
:202FE0008C4651460F043F0C3900414345448846614641438A4641466046090C894658434F
:203000007B4353444B449A4503D98021490289464844190C894641460904090C8846390026
:2030200061431B044344884661464C4371438C46414677430E0C3F19F6194844B44203D99C
:20304000802149028946CC440299009F894631044F4489464146974292410C04240C4C4402
:20306000FF1852426419A1189F429B41884682465B42994690459241AC42A441C244D1440A
:2030800052426442144399459B41824592415B42524213434A46360CA419E31863445B0236
:2030A000D20D1A43019992467A020A43501E8241FF0D17434A4652021743B846DB0100D515
:2030C000EDE60D4B039A5B449146002B00DCACE03A00520700D110E70F2258463A40042A4D
:2030E00000D0F9E609E7C046FF07000001FCFFFFFFFFFFFEFE070000FF0300002200324391
:203100006FD0002C00D1C2E0200000F0D7FD020003000B3A1D20821A30001900D040083930
:203120008C400200224334008C405946CB1A86498B469B440A2D00DDA4E64946009B0194FC
:203140005940CBB2140000200393022D00DD67E6FBE65346034398463CD05346002B00D1F7
:20316000A3E0504600F0AAFD0B235B429C460200844411005046083988401D2380466046CC
:203180001B1A2000D8400300404603439A4623008B4098466C4B00259B1A9B46002302931D
:2031A0001AE60F2D00D0C9E0802352461B031A4202D01C4200D192E08024534624031C436F
:2031C00024034246240B3EE69B46032380460C25029301E600239A469B460133042502939D
:2031E000FAE501210D430A2D00DD4BE6494600984140C9B20391022D00DC96E000230024BA
:20320000012001930CE649460223009A2B435140CAB203920A2B00DD34E6002D57D1039B8A
:20322000994600240022494B0EE658460121C91A382900DD2FE61F2956DD1F225446524201
:20324000D31ADC40202907D0414B42469C465346604483401A43904642460721531E9A4120
:203260000B00224313400024114209D00F231340042B5DD0111D91429B410A005B425B0774
:20328000D2081A430023DFE5039B9946FAE5019800F014FD02000300153220331C2A00DC59
:2032A00038E7019A083882403FE700F007FD15239C4684440200634620321C2B00DC58E7F7
:2032C000002398462300083883409A4662E71D000023002402200193A2E5029032E61C43F4
:2032E000009B019A9946AEE51A4B5246C31840469A40C8400243404698400300581E834106
:2033000054461A43CC40530709D00F231340042B05D0131D934292415242A4181A00230287
:2033200008D50123002400228EE5894600248BE50023A5E763076402240BA1E7009BA246B7
:203340009946019B984637E70DFCFFFFFF0700003E0400001E040000F0B557464E46454624
:20336000DE46E0B583B0009001910C034D00CE0F610A009C5F00640F0C430099009201931F
:20338000C80019037B0D9946019BCC4FDB0F9C464B0A00998046490F1943009B8B46DA00B1
:2033A00092466D0DB94500D1BFE00123614659404B468C46EB1A8E4275D0002B00DCA3E2E0
:2033C0004946002900D1CEE0BD4200D100E20127382B19DC802759463F0439438B461F2B64
:2033E00000DDFAE12027F91A8C4659466746B9400F001100D9400F4361468A40511E8A416E
:203400005946D9401743641AC71BB84280414042241A230200D440E16402640A002C00D1D4
:2034200054E1200000F04AFC0300083B20213800CA1AD0409C4002009F4022439D4200DD70
:20344000A6E1581B0130091A3C008F40C4407B1E9F4113008B4027431F43C2403B0014009B
:203460000025134300D1F7E17B0700D177E30F2338003B40042B04D0381DB842BF417F4283
:20348000E419230200D468E38C4B01359D4200D1F4E08B4B6D051C406D0D6707C0086402A0
:2034A0000743240BECE0002B00DC29E34946002900D0D6E05946114300D12EE1591E012B00
:2034C00000D1E6E1BB4200D182E101270B00382914DC1F2B00DD3CE22027F91A8C4659468F
:2034E0006746B9400F001100D9400F4361468A40511E8A415946D940174364183F18874242
:20350000804140422418230200D4C6E06B4B01359D4200D1B2E00121694B7A081C40394032
:203520000A43E707174364089EE7664B11438A46EB18002928D066452CD0002B5BD0002DE2
:2035400000D12CE15B4666465F07D2081743DD083B002B4300D1E2E0802424032C43240324
:20356000564D240B8CE05946114300D1D5E0591E012B00D1B9E1BB4200D1B1E101270B00F3
:20358000382900DD40E72AE76146012779408C466645D2D1002B00D1C5E0002D00D055E139
:2035A0004B462500054300D112E2591E8C46012B00D149E2414DAB4200D18FE20127382991
:2035C00011DC63461F2B00DD5BE26146202327005B1A050098409F40CD40431E9841CC405C
:2035E0002F430743A344BF189742924152425A4414004D4687E7344F6B1C3B4200D0B6E071
:203600005946230011430F000343002D00D026E1002B00D1C0E1002900D1A1E0831A9846A8
:203620005B464045AD41E31A6D425B1B80252D042B4200D14BE15B46101A824292411C1B7B
:203640000700012663465242A41A27431E40002F00D142E12C4200D16DE2194B01251C40E2
:203660001BE7BD4200D13BE10127382B00DD45E7802759463F0439438B462AE70024002796
:203680002D052543F60735433800290003B0F0BCBB46B246A946A046F0BD7B0704D00F2358
:2036A0003B40042B00D0E7E62B00F808034A67070743E508934200D14AE7A5E0FF07000044
:2036C000FFFF7FFF01F8FFFFFE070000380000F0F5FA030018331F2B00DCA7E63A000838E0
:2036E00082409D4200DD8AE05B1B581C1F2800DCD8E117001F3BDF40202805D040231B1AD7
:203700009A40531E9A4117430025002F00D1E5E07B0700D0ABE62C00C6E7C008C6E70027E7
:203720000024D14DACE7D14F6B1C3B4271D123000343002D00D04EE15746002B00D1B5E18A
:20374000002F0DD08318834280415C4440422418220200D5C8E11F009846274300D1BCE068
:2037600043466707DB081F43E50800234CE0831A98465B464045BF41E31A7F42DB1B1F025B
:203780007CD447461F4300D1A6E01C00474645E6B74CED1A14407B0700D080E784E74B46AC
:2037A0002500054366D05F1E012B00D1FCE0AE4DAB4200D15EE16646382F00DCB4E0012074
:2037C000171ABA4292415B4652424D469C1A20E66707C0080743E508BAE61F005946203F3B
:2037E000F9400F00202B05D04021CB1A594699400A43924653465A1E93411F4304E6EB1A48
:203800009B4D15406F07ED082C035D05240B6D0D36E7954DAB4200D1D6E0821821008242D4
:203820008041594440420818C707520817434408520700D485E10F221D003A40042A00D061
:203840001AE6FF08640727430509DDE75B46D2085F071743DD087BE60027002410E7002BCC
:2038600000D0D6E0002900D02FE1802400267E4D240305E766465C46D00817E75B46171A1B
:20388000BA4292411C1B012663465242A41A1E40C4E58318834280415C44404225182A024D
:2038A00000D4DAE0724A5B081540EA071A4369085B0700D44AE10F231340042B00D1FCE085
:2038C000171D9742A441644202256418ECE647461C001F4300D043E7002600250024CFE6B2
:2038E000C00867070743E50832E6871A5B46B8428041E41A4042241A230228D46307FF08F6
:203900001F43E50801237FE7002B00D173E64B465F1B3B00002D00D142E7382F00DDECE0FC
:2039200080230E001B041C431F2F25DC20252300ED1B0100A840AB40F940451EA8410B43F2
:20394000FC4018435B461B1B9B4639E76646012562E51F005946203FF9408C46202B05D097
:2039600040275946FB1A99400A43924657467B1E9F4163461F43C1E53B002500203BDD408F
:20398000202F04D04023DB1B9C40204380464046431E9841284313E700299DD0012663461B
:2039A0005C4690461E40DBE6171A5B46BA4292411C1B5242A41A2302C8D46307FF081F43B2
:2039C00066460123E5081FE71D000024002757E65C46D0086AE6002B00D137E75346C0083A
:2039E00067070743E508002B00D1B1E580231B031D4208D05946C808184204D1D2084907D0
:203A00000A43170005007B0FFF00FF085B071F439EE5C00863071843E508002953D08023FD
:203A20001B031D420AD05946CC081C4206D1012663462500D008490708431E40470FC000AB
:203A4000C0087F07074383E58318934292415C445242A5182A0200D524E76F07DB081F436B
:203A6000ED080123D0E6C046FF070000FE070000FFFF7FFF5B46D2085F0766461743DD081E
:203A800066E52500203BDD406346202B05D0402361465B1A9C402043804647467B1E9F41EB
:203AA0002F43A0E520210027091AD2E4002F00D113E75C4617000025F6E5D70849070223C7
:203AC0000F432D09A0E6070042E55B4601265F07DD086346D20817431E4039E55B46D208C3
:203AE0005F071743DD0833E51E4ADB0822405707520201251F43140BC2E50E0001205FE6E8
:203B0000002B0DD04B465B1B9C46002D00D148E50127382B00DD66E580231B041C4350E580
:203B20006B1C114D2B4200D073E65946230011438A46034300E66707C00800230743E50868
:203B400062E66407FF08274305095DE6D208490711430F0002232D0956E60700A4E5380004
:203B60008FE4C046FFFF7FFFFE0700000B00020070B5164D0C0382B04900002000920193E6
:203B8000240B490DDE0FA94204DD1148814203DD104BF01802B070BD8020400320430E4C09
:203BA000641A1F2C08DD0D4B5B1AD84003005842002EEFD11800EDE7094B009A9C46030028
:203BC00061448B40E2401343F1E7C046FE0300001D040000FFFFFF7F330400001304000033
:203BE000EDFBFFFF10B5041E10D000F067F80E4B1B1A5B055B0D0A280FDC0B222100121ADC
:203C0000D14015300A038440120B01E0002300221B0513432000190010BD22000B38824097
:203C200012030024120BF3E71E04000070B542024300C40FFE201B0E591C550A08420CD072
:203C4000E02189008C466D07120B63441B051343E40723432800190070BD002B14D1002D5E
:203C60001BD0280000F02AF80A281CDC0B232A001B1ADA40030015339D400E4B12031B1A83
:203C80005B05120B5B0DE1E7002D09D0130B802212031A436D07084BD8E700230022D5E7B8
:203CA0000022054BD2E703002A000B3B9A400025E3E7C04689030000FF0700001C210123A4
:203CC0001B04984201D3000C10391B0A984201D3000A08391B09984201D30009043902A2E8
:203CE000105C40187047C0460403020201010101000000000000000000B585B00C220021FB
:203D000001A804F02BFA2B482B4B03608023DB05436000238360C360802212060261042203
:203D20004261037643768376033AC2611F328354436283620C3283540363253A42633532BD
:203D40008354C36402F034F9002823D11B4B019301230293174801A902F0A8FA00281CD1C5
:203D6000174B0193134801A902F0A0FA002817D1144B01930F4801A902F098FA002812D129
:203D8000114B01930B4801A902F090FA00280DD105B000BD00F0E8F9D8E700F0E5F9DFE71E
:203DA00000F0E2F9E4E700F0DFF9E9E700F0DCF9EEE7C046EC0000200024014010000010A4
:203DC00020000014002000B40000014010B588B004001422002103A804F0C0F9104B226805
:203DE0009A4201D008B010BD0E4B1A6C802149030A431A641A6C0A400192019A596B012215
:203E0000114359635B6B1A400292029B064B039303230493A02003A9C00502F0E9FDE1E7CC
:203E2000002401400010024030100000F0B589B01422002103A804F091F9174B5A6B0124E1
:203E400022435A635A6B22400192019A5A6B02252A435A635B6B2B400293029B90273F017B
:203E6000A026F60500223900300002F0ADFE0397049400240594069503A9300002F0B8FD4C
:203E80009C235B0003930494059403A9034802F0AFFD09B0F0BDC04600100240000400509A
:203EA000F0B5CE46474680B59BB01C22002113A804F054F9182200210DA804F04FF924224F
:203EC000002104A804F04AF92023039303A803F075FA002867D1354D6B6B022633436B63D4
:203EE0006B6B33400293029B40230D930E9600240F943F3B9946109311940533984612937D
:203F00002B4F0DA9380004F057F880230D930E960F944B4610931194434612930DA9380077
:203F200004F04AF8EB6B802292031343EB63EB6B13400193019B1F4AC521890053581B02A1
:203F40001B0A535080231B04136013941A4B1493159416942523179318941994174C13A9F4
:203F6000200004F0BFF8626880239B0413436360E368134A1340E360E368124A1340E360D6
:203F80002368114A134023602368104A134023600F4A116880235B030B4313601BB0C0BCCF
:203FA000B946B046F0BD00F0DFF894E7001002400004005000E100E01C0B9100005400406A
:203FC00001F8FFFFFF7FFFFFFFFFF7FFFFFFFDFF00000140084B094A1A60094A1A6002222E
:203FE0005A60084A9A6019000722CB681A42FCD1014B054A1A60704700300040CCCC000049
:2040000055550000FF0F0000AAAA000082B080239B050C480C4A99181A0004330968116091
:204020008342F7D1094A116C012319431164126C13400193019B064A136803210B4313607D
:2040400002B07047C0000020001800E8001002400000014000B593B03822002104A804F071
:204060007DF810220021684604F078F88020800002F0B0FD0A230493F63307930023089362
:20408000402209923F3A0A9201320B920C920D9308330E9380239B020F9380239B0410935D
:2040A00080239B05119304A802F0C6FD00280ED107230093053B01930023029303930221AF
:2040C000684603F0A7F8002803D113B000BD72B6FEE772B6FEE7000070B5FFF797FF01F068
:2040E0001DFFFFF7B7FFFFF7A1FEFFF705FEFFF7D7FE00F0D3F800F04FF9FFF76BFF1748ED
:2041000002F052FB01F052FC0024200001F040F80134E4B2082CF8D100F0BCFC01F020FE35
:2041200000F0F4FC00F0DAFA00F07EFB0C4D0D4C00F0ECFF01F0BAFC00F04CFA01F024FEF5
:2041400001F0EEFB01F084F901F094FA01F0C6FA01F064FD01F07EFD2C60E9E7EC000020C1
:2041600000300040AAAA000072B6FEE782B00A4B196C012211431964196C0A400092009A73
:20418000DA6B802149050A43DA63DB6B0B400193019B02B07047C04600100240FEE7FEE715
:2041A0007047704710B501F0CDFE10BD7047000082B003688022D205934204D00C4A9342A2
:2041C0000BD002B070470B4AD16B01231943D163D26B13400093009BF3E7064AD16B02230D
:2041E0001943D163D26B13400193019BE9E7C046000400400010024030B589B004001422AB
:20420000002103A803F0AAFF23688022D205934204D01F4A934215D009B030BD1D4A516B9D
:20422000012319435163526B13400093009B0F2303930D3B04930793A02003A9C00502F0A8
:20424000D7FBE9E7134B5A6B012422435A635A6B22400192019A5A6B02252A435A635B6B21
:204260002B400293029BC023039304950794A02003A9C00502F0BCFB0323039304950023A2
:2042800005930693079403A9034802F0B1FBC3E700040040001002400004005000B58FB035
:2042A000102200210AA803F059FF0C22002107A803F054FF1C220021684603F04FFF3448A0
:2042C0008023DB0503603F23436000238360314AC2600361836103F033FB00283FD180230C
:2042E0005B010A932A480AA903F074FC002839D1274803F055FB002837D1002307930993D0
:20430000234807A903F01CFE002831D1602300939533FF3301930023029304931C480022D2
:20432000694603F0A9FB002825D119480422694603F0A2FB002821D115480822694603F010
:204340009BFB00281DD112480C22694603F094FB002819D10E48FFF74FFF0FB000BDFFF7DA
:2043600003FFBCE7FFF700FFC2E7FFF7FDFEC4E7FFF7FAFECAE7FFF7F7FED6E7FFF7F4FE2F
:20438000DAE7FFF7F1FEDEE7FFF7EEFEE2E7C0469C0100201F4E000000B58FB01022002190
:2043A0000AA803F0DBFE0C22002107A803F0D6FE1C220021684603F0D1FE3348334B03608F
:2043C0003F23436000238360314AC2600361836103F0B6FA00283FD180235B010A932A4804
:2043E0000AA903F0F7FB002839D1274803F0D8FA002837D1002307930993234807A903F028
:204400009FFD002831D1602300939533FF3301930023029304931C480022694603F02CFB94
:20442000002825D118480422694603F025FB002821D115480822694603F01EFB00281DD1A4
:2044400011480C22694603F017FB002819D10E48FFF7D2FE0FB000BDFFF786FEBCE7FFF764
:2044600083FEC2E7FFF780FEC4E7FFF77DFECAE7FFF77AFED6E7FFF777FEDAE7FFF774FE12
:20448000DEE7FFF771FEE2E750010020000400401F4E00000D488546FFF788FE0C480D49C1
:2044A0000D4A002302E0D458C4500433C4188C42F9D30A4A0A4C002301E013600432A24278
:2044C000FBD303F053FEFFF707FEFEE700200020C0000020D0000020FC850008D000002061
:2044E00080080020FEE70000F0B5CE46474680B585B01F4B1A680021916201900122029237
:204500000532039201A9180001F0D0FE051E2BD114240027164EB146B04606E0484602F019
:2045200021F9013CE4B2002C0FD0300002F09EF80221300001F056FE0028EFD1404601F0D4
:20454000B1FE3F180135EDB2EBE7094802F00AF9002D0BD029003800FDF7D4F980B205B057
:20456000C0BCB946B046F0BD0248F8E70148F6E7EC000020FFFF000010B588B00400134B65
:20458000596B012211435963596B0A400192019A596B0222114359635B6B1A400292029B9F
:2045A0000C22002105A803F0D9FD094963001A19D2008A1892680392032204921B19DB0081
:2045C000585803A902F014FA08B010BD00100240BC070020F0B5C64600B53148FFF784FF6D
:2045E0000100304B984208D02F4B1B882F485843FDF788F980B22E4B18802E48FFF774FFC7
:20460000284B984209D02A4B1B8858432A49FDF779F9400080B2294B18802948FFF764FFA0
:20462000204B98420CD0224B1B8858432249FDF769F98300C3185B00C01880B2214B188026
:204640002148FFF751FF174B984209D0184B1B8858431949FDF756F9400080B21B4B1880E0
:2046600000241B4E1B4F1C4B98460FE063001B19DB0043441869FFF737FF0A4B984202D068
:20468000144B6500E8520134082C06D0335D022BECD063000022DA53F5E780BCB846F0BDEF
:2046A000002000B4FFFF0000AA75FF1FB80B0000C600002020000014FF0F0000B206002028
:2046C00000000140B006002010000010AE0600203407002014070020BC070020F0B5CE469D
:2046E000474680B59BB01C22002113A803F036FD182200210DA803F031FD2422002104A829
:2047000003F02CFD2023039303A802F057FE002800D06EE0384D6B6B022633436B636B6BCF
:2047200033400293029B40230D930E9600240F943F3B9946109311940533984612932F4F8C
:204740000DA9380003F038FC80230D930E960F944B4610931194434612930DA9380003F0D2
:204760002BFCEB6B802292031343EB63EB6B13400193019B224AC521890053581B021B0A40
:20478000535080231B04136013941E4B1493159416941D4D2B785B001793189419941B4C65
:2047A00013A9200003F09EFC626880239B0413436360E368164A1340E360E368154A13402D
:2047C000E3602368144A134023602368134A13402360134A116880235B030B4313602B78DE
:2047E0005B00DBB20F4A13701BB0C0BCB946B046F0BDFFF7B9FC8DE7001002400004005047
:2048000000E100E01C0B9100AC0600200054004001F8FFFFFF7FFFFFFFFFF7FFFFFFFDFF58
:2048200000000140F80100200A4B1A6801210A431A601A6807310A431A601A6808310A43D5
:204840001A601A6870310A431A601A6860390A431A60704700540040084B1A6808218A43FC
:204860001A601A6808318A431A601A6870318A431A601A6860398A431A60704700540040A5
:2048800010B50C0096239B00994202D8002902D10EE09624A40000280AD0064B2200010080
:2048A000180003F087FC044B00221A80034B1C8010BDC046FC010020F6010020F401002059
:2048C000054A138899B201339BB21380034B5B6ADBB2034A53547047FA0100200054004095
:2048E000540400200A4A13889BB20A49CB5CDBB209498B62138801339BB213801388074A23
:2049000012889BB2934202D3014B00221A807047F6010020FC01002000540040F40100206A
:2049200070B5534B1A6801321A601A68514B9A4214D8514B9B691B0728D54F4B9B694F4AA9
:204940001178C9B25B0C5B00FF221340994230D0494AD36908210B43D36170BD464C2000E9
:2049600003F094FB6368464A1340636023680122934323602368073293432360FFF7AEFE7E
:20498000FFF752FF3A4B00221A60D2E73A4B9B69DB0645D4384B9B699B0747D4364B9B69AA
:2049A0005B0746D4344B9B699B0645D4324B9B69D3E7344B1B889BB2002B10D12E4B9B690B
:2049C000DB0319D42C4BDA6908210A43DA611A6804390A431A602C4B01221A60BDE7FFF76D
:2049E0003BFF284C218889B2284800F09FF800232380FFF719FFE1E71F4B9B69DB0309D568
:204A00001D4BDA6908210A43DA611A6806390A431A60A2E7184AD36908210B43D3619CE75D
:204A2000154AD36910210B43D36196E7FFF75AFF93E7FFF745FF90E70F4BDA6920210A4306
:204A4000DA619B69DB0702D40B4B01229A61FFF703FF0C4D298889B20C4800F067F80024E7
:204A60002C80FFF7E1FE084B1C60094B1C6074E7F00100201027000000540040F8010020C6
:204A8000FFFFFFFDFA010020EC01002054040020E801002030B50E490A690B69086909696D
:204AA0001B090124634001252B409B00D20862402A40D20013434909614029400B43000A1C
:204AC000604005406D002B432533024A137030BD00040050AC060020F0B505AC2488671E55
:204AE000012C11D9002500260124A4461478E41A2C19E4B296197678065566460E550135A3
:204B0000EDB22E00BD42F1DBF0BD000070B501F03DFA050001F040FA040001F043FA024B54
:204B20001D605C60986070BD64070020F0B5D6464F464646C0B5B4B005000C00402200213D
:204B400004A803F00BFB012C3AD0002C78D02B78072B00D82FE11A00103A072A00D855E1A5
:204B60001A00303A072A00D87FE11A00503A072A00D8A0E11A00603A072A00D8EEE11A0074
:204B8000703A072A00D81CE21A003032D2B2032A00D83FE21A00803AD2B23F2A00D877E24C
:204BA000FD2B4DD1022C4BD16B78A52B48D1BFF34F8FC94BC94ADA60BFF34F8FC046FDE72E
:204BC0002C78772C05D800D9AFE0A300C44AD3589F46BF2C11D863B2002B00DBAAE0C14905
:204BE000402214A803F0E6FAC021091B89B2803C14AB1819FFF744FE22E023003033DBB28B
:204C0000032B00D991E0B84B9A7814A80270DA7842709A798270DB79C370D421091B89B2F5
:204C2000D03C0019FFF72CFE0AE014A8AF4B020022CB22C20821091B89B20019FFF720FE07
:204C400034B0E0BCBA46B146A846F0BD14A8A84B020022CB22C21821091B89B2103C0019C3
:204C6000FFF70EFEECE714AE0024200000F0C2FA307001340136082CF7D128782821091A99
:204C800089B2C823C01802AB9C466044A038FFF7F7FDD5E714A8974B020022CB22C238219B
:204CA000091B89B2303C0019FFF7EAFDC8E714A8914B020062CB62C21B6813605021091B0E
:204CC00089B2403C0019FFF7DBFDB9E714A88B4B020022CB22C25821091B89B2503C0019B4
:204CE000FFF7CEFDACE714AA00238548C15C117001330132082BF9D16821091B89B2C033D5
:204D0000E01802AB9C466044E038FFF7B9FD97E714A87C4B020022CB22C27821091B89B2D8
:204D2000703C0019FFF7ACFD8AE720002030C0B20B2817D923001033DBB2072B1AD9FD2C58
:204D400000D87DE7704B1B7814A803706F4B1B78437080214900091B89B2FE3C0019FFF708
:204D60008FFD6DE70C21091A89B2694BC018FFF787FD65E7674B1A8814A802701B881B0A2C
:204D80004370654B1A8882701B881B0AC370634B1A8802711B881B0A4371614B1A888271A1
:204DA0001B881B0AC371F821091B89B2F03C0019FFF766FD44E7009400232A0004A924A85C
:204DC000FFF78AFE012302AAD41D484E872594466544B146534A90460127534A944603E0E3
:204DE0000133092B00D12BE7E25C002AF8D0581E325CD2B2E95C8A42F2D00529F0D84A4657
:204E000011544246175462461770E9E7009410232A0004A924A8FFF75FFE012302AAD01DC1
:204E2000334D872494466444AC46304F3D4A9146012292463C4A904603E00133092B00D183
:204E4000FEE6C25C002AF8D0591E6A5CD2B2E65CB242F2D0624656547A5C002AEDD14A4605
:204E60005646565442461670E7E7009430232A0004A924A8FFF730FE01241E4D2F001B4E3A
:204E800003E00134092C00D1DAE602AB07331B5D002BF6D0601E2B5CDBB2872202A98C462C
:204EA0006244125D9342ECD03A54335C012BE8D100F0F8F9E5E7009450232A0004A924A8F3
:204EC000FFF70AFE012302AAD41D0C4E872594466544B446054F2DE000ED00E00400FA055F
:204EE000DC820008BC060020B4060020340700202C07002024070020140700200C07002029
:204F000004070020FC060020C4000020AC06002064070020C6000020B2060020B00600206F
:204F2000AE0600205C070020580700200133092B00D185E6E25C002AF8D0591E725CD2B2FE
:204F4000E85C8242F2D0624650547A5C032AEDD1624A01205054624A1070E7E700946023F8
:204F60002A0004A924A8FFF7B7FD012302AAD01D87249446644403945A4D1F2294461E3A49
:204F800092461F32904603E00133092B00D157E6C25C002AF8D0039AD15CCA06D20E102AF5
:204FA000F2D85E1EAF5D6446A7433A43AA554909AA5D5446214049014446A2430A43AA5536
:204FC000E2E7009470232A0004A924A8FFF784FD012302AAD41D444E872594466544B4464B
:204FE000424F03E00133092B00D129E6E25C002AF8D0591E725CD2B2E85C8242F2D062468A
:2050000050547A5C052AEDD1394A01205054394A1070E7E70094D0232A0004A924A8FFF7F0
:205020005BFD04AB24A80022334988460AE044788C4214D0210014E0013202330230022AFE
:2050400000D1FDE5910041448E78F6B2C978C9B21C78002C38D007785C78002CE7D1B74225
:20506000EAD00C023C43A4B2002CE5D0224E9500AC46AE5BB6B2A642DED01F4EAC5366449E
:20508000B770F1701D4901248C541D490C70D3E7009480232A0004A924A8FFF71DFD012373
:2050A00002AAD11D174E872594466544164C012003E00133412B00D1C2E5CA5C012AF8D12A
:2050C000EA5CF2542070F4E75C78002CB4D04478A142B1D037002100C3E7C04650070020B6
:2050E0004C07002004070020FC060020340700204407002043070020B4060020400700207F
:205100003C070020BB0600204207002010B51A4B00221A60194B1B68002B04D1184B1B684F
:20512000322B10D810BD00F019FF164B1B689842F4D9134A13680133136000F00FFF0A3013
:20514000104B1860EAE7104C200002F09FFF63680E4A1340636023680122934323602368D4
:20516000073293432360FFF7B9FAFFF75DFBFA20400000F0F9FED5E7F0010020EC0100208B
:20518000E80100207007002000540040FFFFFFFD10B588B00400144B596B0122114359638A
:2051A000596B0A400192019A596B0222114359635B6B1A400292029B1022002104A802F079
:2051C000CDFF0A4963001A19D2008A1892680392074A125D05921B19DB00585803A901F064
:2051E00007FC08B010BDC04600100240BC0700202C070020074B42001118C900C958096980
:205200001218D2009B1898680840431E9841C0B27047C046BC070020F0B5CE46474680B5D0
:2052200089B005001C4B5A6B012189460A435A635A6B0A400192019A5A6B013188460A43BA
:205240005A635B6B0A000B400293029B1232002103A802F083FF114F6C006319DB00D8596C
:20526000FE18B1680E4B5A5DD2B289B201F0ACFCB36803934B4604930023059343460693E1
:205280006419E400E05903A901F0B2FB09B0C0BCB946B046F0BDC04600100240BC07002018
:2052A000240700200A4B42001118C900C9581218D2009B189B68074A125C002A03D01B046C
:2052C0001B0C8B6170471B041B0C8B62FAE7C046BC0700202407002030B589B00400144B3B
:2052E000596B012211435963596B0A400192019A5A6B02252A435A635B6B2B400293029B02
:205300000822002105A802F029FF0A4963001A19D2008A18906803900495D26807921B19F3
:20532000DB00585803A901F063FB09B030BDC04600100240BC070020F8B50400414B420087
:205340001218D2009B185B681B68DE6A3E4B185CC0B2642826D8FCF7D3FC051C701CFEF7B3
:2053600041FC06000F003949281CFCF7B3FBFEF75DFC02000B0030003900FDF707FDFCF7C5
:205380008BFB304B62001219D2009B185B69002B0AD12C4B62001219D2009B185B681B6861
:2053A0005863F8BD294DD9E7264B62001219D2009B185B69042B20D0224B62001219D20015
:2053C0009B185B69082B21D01E4B62001219D2009B185B690C2B22D01A4B62001219D20006
:2053E0009B185B69102B23D0164B62001219D2009B185B681B68D865D3E7124B620012196E
:20540000D2009B185B681B689863CAE70D4B62001219D2009B185B681B68D863C1E7094B2E
:2054200062001219D2009B185B681B681864B8E7044B62001219D2009B185B681B68986555
:20544000AFE7C046BC070020FC0600200000C842F0B5C64600B5144B1B78002B20D0124BD1
:2054600000221A700024114EB046114F02E00134082C15D0335D002BF9D0002342461355E0
:205480003B5D052BF3D1E0B2FFF756FF094B62001119C90059184868496902F067FCE6E705
:2054A00080BCB846F0BDC046430700204407002034070020BC070020F0B5CE46474680B571
:2054C00089B005001B4B5A6B012189460A435A635A6B0A400192019A5A6B013188460A4319
:2054E0005A635B6B0A000B400293029B1232002103A802F033FE104F6C006319DB00D8591C
:20550000FE18B16889B2002201F05EFBB36803934B46049300230593434606936419E4009E
:20552000E05903A901F064FA09B0C0BCB946B046F0BDC04600100240BC070020F0B5C64674
:2055400000B5172301229046484E494D3400290041E032682F889761C046C046C046C04658
:20556000C046C046C046C046C046C046C046C046C046C046C04632682F889762C046C04693
:20558000C046C046C046C046C046C046C046C046C046C046C046C046C046C046C046C046AB
:2055A000C046C046C046C046C046C046C046C046C046C046C046C046C046C046C046C0468B
:2055C000C046C046C046C046C046C046C046C046013B00D246E042469A40104200D1B8E743
:2055E00022680F889761C046C046C046C046C046C046C046C046C046C046C046C046C04644
:20560000C046C046C046C046C046C046C046C046C046C046C046C046C046C046C046C0462A
:20562000C046C046C046C046C046C04622680F889762C046C046C046C046C046C046C04602
:20564000C046C046C046C046C046C046C046C046C046C046C046C046C046C046C046C046EA
:20566000C046B5E780BCB846F0BDC046B8070020B4070020F0B5CE46474680B5144B1B7874
:20568000002B21D0124B00221A70124C00201249FF27FF263602FF231B04994685006B5821
:2056A0006A5894466A586D581B0E1B063D402B4365462D0A35402B4312024D462A40134366
:2056C00008C401301028E9D1C0BCB946B046F0BD4207002074070020BC060020F8B5DE4606
:2056E00057464E464546E0B50024224F224B99469B4608E062B6204A935D20218B43935546
:205700000134082C30D026003B5D042BF8D14B461B5D9B06F4D55B461B5DDB06F0D0174BDB
:2057200062001119C900C858154908601219D2009B189A68134B1A8072B60F4B1B5DDB06A9
:20574000D8D0114B984600250B4B9A46434601CB9846FFF7F3FE0135EDB253469B5DDB06AB
:20576000DB0EAB42F2D8C5E7F0BCBB46B246A946A046F8BD3407002004070020BC07002045
:20578000B8070020B40700207407002030B589B00400144B596B012211435963596B0A402E
:2057A0000192019A5A6B02252A435A635B6B2B400293029B0822002105A802F0CFFC0A493A
:2057C00063001A19D2008A18906803900495D26807921B19DB00585803A901F009F909B0B1
:2057E00030BDC04600100240BC070020F8B50400464B42001218D2009B185B681B68DD6AC1
:20580000434B1B5CDBB21A1CB42B01D9B4231A1CD0B2FEF7E7F900223E4BFCF77DFE020088
:205820000B00FCF7B3FA00223B4BFCF7AFFA00223A4BFCF771FE06000F00681CFEF7D2F917
:2058400002000B0030003900FDF7A0FAFCF724F92E4B62001219D2009B185B69002B08D1E1
:205860002A4B62001219D2009B185B681B685863F8BD264B62001219D2009B185B69042B75
:2058800020D0224B62001219D2009B185B69082B21D01E4B62001219D2009B185B690C2B3B
:2058A00022D01A4B62001219D2009B185B69102B23D0164B62001219D2009B185B681B68D4
:2058C000D865D5E7114B62001219D2009B185B681B689863CCE70D4B62001219D2009B1803
:2058E0005B681B68D863C3E7084B62001219D2009B185B681B681864BAE7044B62001219D9
:20590000D2009B185B681B689865B1E7BC0700200C070020008066400000E03F0000344058
:20592000F0B5C64600B51C4B1B78002B30D01A4B00221A700024194EB046194F0DE0FFF7FF
:2059400055FF184B62001119C90059184868496902F00CFA0134082C1AD0335D002BF9D099
:205960000023424613553B5D032BF3D1E0B282080D4B9200D35A9BB2322BE0D0094B620047
:205980001119C90059184868496902F081FAE1E780BCB846F0BDC0464C0700205007002035
:2059A00034070020BC070020B4060020F0B5CE46474680B5314BA020C0051860304C5C60A3
:2059C00001229A600221D9601A610025AC465D619861DC61196259622A4D9D620426DE62B2
:2059E00018635C639E63D963274D1D6408255D649864DC641D655965244C9C650C24A14649
:205A0000DC651866224C5C6640279F66DA66214F1F6767465F679867DC6780201850043004
:205A20001A5004301C4F1F5004301E501B488C36985104369C5104369A5104369A51043693
:205A4000174F9F5104369D51A0355851AC201C5004301950B2315A50B73212499950043285
:205A600049469950104B26313222198099809A709A71C0BCB946B046F0BDC046BC070020DA
:205A80009C01002002000004040000080800000C50010020400000188000001C000400506A
:205AA0000001002000020024B4060020F8B5CE46474680B5534B1B78002B00D19DE0514BFC
:205AC00000221A700024504EB146504B98460FE04F4B62001119C90059184868496902F045
:205AE000D7F93800FFF754FB0134082C00D184E0335D002BF8D0E7B200234A4613554346FB
:205B00001B5DDBB2052BEFD89B00424AD3589F463F4B62001119C90059184868496902F0AE
:205B2000B7F93800FFF778FBDEE7394B62001119C90059184868496902F0AAF93800FEF7E1
:205B40001BFDD1E73800FFF721FE032F1CD8324B1B889BB2322B0AD02D4B62001119C90091
:205B600059184868496902F093F90134C0E73800FFF73CFE264B62001119C90059184868A9
:205B8000496902F0F3F8F0E7234B9B889BB2322B09D01F4B62001119C900591848684969F9
:205BA00002F076F9A0E73800FFF720FE184B62001119C90059184868496902F0D7F893E7EB
:205BC000134B62001119C90059184868496902F05FF93800FFF770FC86E73800FFF77CFB49
:205BE0003800FFF7A9FB0A4B62001119C90059184868496902F0BAF876E7C0BCB946B046E4
:205C0000F8BDC046580700205C07002034070020BC070020BC840008B406002010B50B4B4C
:205C20001B889BB20A4A934207D88021A02001224900C00500F0C8FF10BD8021A0200022D3
:205C40004900C00500F0C0FFF6E7C046B20600209311000010B50B4B1B889BB20A4A9342F4
:205C600007D98021A02001220901C00500F0ACFF10BD8021A02000220901C00500F0A4FFA4
:205C8000F6E7C046B006002034210000F8B5040016001F0000222A4B30003900FBF7D4FE4C
:205CA00000282ED10022274B30003900FBF7E0FE002823D132003B0000202349FCF72CFCC0
:205CC00006000F000022214BFBF7BEFE00281AD000221B4B30003900FDF73EFB00221C4BBA
:205CE000FCF754F8FBF7D8FE002523689D622368D862E060236800225A62F8BD154E164F03
:205D0000E6E70026104F0022144B30003900FDF73DF8FBF7C1FE05000130FDF763FF0200DF
:205D20000B0030003900FCF7F7FB0022044BFDF713FB0022064BFCF729F8FBF7ADFED4E7B8
:205D40000000F03FE0FFEF4080848E410000F0400000E03F9F849E849E848E400000F03E81
:205D600070B50024054D064822002B00FFF78EFF044822002B00FFF789FF70BD000049409D
:205D80009C01002050010020F8B5494B1B78002B0AD0474B00221A70464B1B78002B04D19A
:205DA000444B5B78002B41D1F8BD424B1A70424B188880B2FDF716FF02000B003F48FFF786
:205DC00065FF00243E4E3C4F350011E0E0B2FFF70DFD3C4B62001219D2009B185868596951
:205DE00001F0C4FF2B5D052B13D00134042CD7D0335D032BF6D13B889BB2322BE6D0314B24
:205E000062001219D2009B185868596902F040F8E8E7E0B2FFF790FA2A4B62001219D2000F
:205E20009B185868596901F0A1FFDEE7214B00225A70214B988880B2FDF7D4FE02000B00EE
:205E40002148FFF723FF04241D4E1B4F35000EE01C4B62001219D2009B185868596902F0B4
:205E600017F82B5D052B16D00134082C9CD0335D032BF6D1BB889BB2322BE9D1E0B2FFF7EC
:205E8000B5FC104B62001219D2009B185868596901F06CFFE5E7E0B2FFF74EFA094B6200B4
:205EA0001219D2009B185868596901F05FFFDBE73C07002040070020B40600209C0100203E
:205EC00034070020BC0700205001002070B504000F4B19780120002900D170BD0D4DFA2043
:205EE0008000FBF70FFD01002868FBF70BFD00F063FD03000120002BEFD1032CEDD8002224
:205F00002100404200F026FD034B1C600020E4E7C8000020C0000020CC00002010B5084A4B
:205F2000116880235B000B4313600320FFF7CEFF041E02D00124200010BDFEF717F9FAE757
:205F400000200240034A1168034B1B785B1813607047C0467C080020C8000020014B18683D
:205F60007047C0467C08002070B50400FFF7F6FF0500631C02D0044B1B78E418FFF7EEFF95
:205F8000401BA042FAD370BDC8000020014B18687047C0469075FF1F014B18687047C046AD
:205FA0009475FF1F014B18687047C0469875FF1FF0B583B0040000230193002800D1FFE09B
:205FC000836D002B00D1B6E023689A68D20017D499687C4A1140802252050A439A607A4BD8
:205FE00018687A49FBF78EFC013040000190019B002B05D0019B013B0193019B002BF9D147
:2060000021688B680020DB0008D4A36D10221343A365E36D0F3A1343E36501308D68A26D21
:206020001023134004222A40134300D0C1E0A36D674A13400632FF321343A3658B68DB07D3
:206040004FD4A57E266B731E9E413603A268E3681A43237E9B031A43637EDB031A436B03E8
:206060001A432369002B6DDB8027BF032C23E35C5B00134333433B432022A25C012A64D089
:20608000626A002A05D0E0256D002A40A56A2A431343CA684F4D2A401343CB6063689B0F59
:2060A0009B07E26C1A433C21615C01295CD021680B69494D2B4013430B61626853005B08E3
:2060C0008021C9058B420CD080231B069A4208D042490B68424D2B40F025AD032A401343B3
:2060E0000B602268536907218B43616B0B43536121684A69A36B1B017025AA4313434B6141
:206100002369002B3AD12268916A103B0B43936223685A6907231340626B9A4240D0A36D16
:2061200012229343023A1343A365E36D0F3A1343E365012042E0FDF749FE0023E365542225
:20614000A35441E75B005F0890E7002D03D180225202134394E7A26D20252A43A265E26D08
:206160001F3D2A43E2658BE7216C656C29430A43A16C0A43134301221A4398E780229203A0
:206180009342C5D121688B6AE369013B9B001C221A4010235B429340226E13438B62B7E747
:2061A0000023E365A36D03229343023A1343A36504E0A36D10221343A365012003B0F0BDCA
:2061C0000120FBE7E8FFFF6FC0000020400D0300FDFEFFFF0102DEFF02FCFF1F08270140D2
:2061E000FFFFC3FFF8B506000D004469082C04D00368DB680424DB071CD4FFF7AFFE070018
:20620000326813681C421BD16B1CFAD0FFF7A6FEC01BA84201D8002DF2D133681B681C422A
:20622000EED1B36D04221343B36554230022F254032029E0836D202213438365012023E04C
:20624000B16D80239B000B43B365D168C0231B01194213D1B37E002B10D113681B070DD549
:2062600093685B0711D453680C218B435360B36D0B4A13400432FF321343B365307E002800
:206280000CD133680C221A60F8BDB36D20221343B365F36D1F3A1343F365EFE70020F3E722
:2062A000FEFEFFFF0368186C70470000F0B583B004000023019305695433C35C012B00D19A
:2062C0001EE154230122C25400688368033217001F401A4209D0A36D1C321343A3650120FF
:2062E00054230022E25403B0F0BD4A68022A00D1C4E004239D4380263606B54221D01F2309
:206300001A40103B9340266E9E430B685D0348D15B00DF0E3B009340334323664A68930802
:206320000133E569AB4212D8866A1F2515400B689B0E0F221340AB40AA40964333438362D2
:2063400005E0826A0B685B035B0B13438362256868690A6812028B6813406A4E33409043D2
:2063600003436B610B680020002BB9DA664A1268E0256D04154065498B4250D064488342B9
:206380006ED0644900208B42AAD15202A8D45E490B68614A13402B438022D20313430B601C
:2063A0009EE7DD07B6D401279D07B3D401375D07B0D401371D07ADD40137DD06AAD40137C9
:2063C0009D06A7D401375D06A4D401371D06A1D40137DD059ED401379D059BD401375D054D
:2063E00098D401371D0595D40137DD0492D401379D048FD401375D048CD401371D0489D404
:206400000137DD0386D401379D0383D48025ED021F002F402B4200D17CE712277AE712026A
:2064200000D55DE738490B683B4A13402B438022120413430B60394B18683949FBF762FABC
:20644000013043001B189B000193019B002B55D0019B013B0193019B002BF9D100203FE737
:206460000020D20100D53BE727490B682A4A13402B438022520413430B6031E704239D4342
:2064800080231B069D421CD00B680020002B00DB26E71D4A12681D498B4219D01C498B4298
:2064A00021D01C4900208B4200D019E716480168C0235B041340184A0A40134303600020E8
:2064C0000EE7826A0B685B035B0B9A438262DBE70D480168A0235B0413400F4A0A401343F5
:2064E00003600020FCE608480168C0231B041340094A0A40134303600020F1E60020EFE6E7
:206500000220F0E600FFFF0708270140001000B0004000B8002000B4FFFF3FFEC000002067
:20652000400D030070B504000268936800205B0729D593689B0705D4936814490B401021B3
:206540000B439360FFF70AFD060023689B685B071AD5042503E023689B681D4212D0FFF747
:20656000FDFC801B0228F6D923689B681D42F2D0A36D10221343A365E36D0F3A1343E36508
:20658000012000E0002070BD0020FCE7E8FFFF7FF0B583B004000023019303689A68002025
:2065A000D20734D499682C4A114227D19A682B490A4001210A439A60294B1B681B020FD517
:2065C000284B18682849FBF79DF901300190019B002B05D0019B013B0193019B002BF9D174
:2065E000637E0020012B12D0FFF7B8FC060023681A68D2072DD40125184F0EE0A36D102238
:206600001343A365E36D0F3A1343E365013003B0F0BD23681A68154219D19A68154203D1D9
:206620009A683A402A439A60FFF798FC801B0228EFD923681B681D42EBD1A36D102213439F
:20664000A365E36D0F3A1343E3650120DFE70020DDE70020DBE7C04617000080E8FFFF7F4C
:2066600008270140C0000020400D030010B5040003689B6802205B0720D45423E35C012BE9
:2066800021D054230122E2542000FFF781FF002815D1A26D0D4B1A4080235B001343A36578
:2066A0000023E36522681C2111605422A3542268936807490B4004210B43936010BD542300
:2066C0000022E254FAE70220F8E7C046FEF0FFFFE8FFFF7F70B50400036899689A68002072
:2066E000D2070FD589070DD4996805220A40012A09D0A36D10221343A365E36D0F3A134367
:20670000E365012070BD9A6815490A4002210A439A60236803221A60FFF720FC0600236802
:206720009B6801250020DB0704D4EBE723689B681D4212D0FFF712FC801B0228F6D9236892
:206740009B681D42F2D0A36D10221343A365E36D0F3A1343E3650120D4E70020D2E7C04683
:20676000E8FFFF7F10B504005423C35C012B17D054230122C254FFF7D5FE002803D0542357
:206780000022E25410BD2000FFF7A4FF0028F6D1A36D044A13400432FF321343A365EEE7E1
:2067A0000220EFE7FEFEFFFFF0B5DE4657464E464546E0B583B00400002301935433C35C39
:2067C000012B00D1B7E001255423C554FFF782FF8346236899682A000A400D420ED0A36DF2
:2067E00010221343A36554230022E254584603B0F0BCBB46B246A946A046F0BDA16D4F481D
:2068000001400630FF300143A165D9688946D9684B480140D96015004A4B9C4680200006F8
:20682000494B9A46B42398467F2721688B686646334003438B6021688B68002B5ADB434658
:20684000CB583B40ED180132082AEED1EA088B683C480340012003438B60216808698023D6
:20686000DB05984219D2394B1B68F02080030340E0204003834210D39B0C033B01209840CD
:206880000090009B5B080093009B002B05D0009B013B0093009B002BF9D1B423CD587F20A7
:2068A00085431543CD502268936826490B4002210B439360FFF752FB050023689A68D2074A
:2068C0000BD501239846FFF749FB401B022823D823689A6841461142F5D1DA681C494F46B3
:2068E0000F401743DF60A36D03229343023A1343A36578E7019B01330193019B53459BD9A0
:20690000A36D12229343023A1343A36554230022E254533B9B4669E723689B68DB07D7D519
:20692000A36D10221343A365E36D0F3A1343E36501239B465AE702239B4657E7FDFEFFFFFD
:20694000FC7FFFFFE8FFFF7FFFF10200082701400380000070B5002814DB8408A400144BA9
:206960009C466444C026B600A55903220240D200FF2318009040854389010B4093402B43D2
:20698000A35170BD0F230340083B9B089B00094A94466344DC6903221040C000FC3215004F
:2069A0008540AC4389010A4082402243DA61E8E700E100E000ED00E0013880235B0498427B
:2069C0000FD2094A50600948036A1B021B0AC02109060B430362002393600733136000204D
:2069E00070470120FCE7C04610E000E000ED00E0F0B5DE4657464E464546E0B583B00F6875
:206A0000002F00D1D1E0002200230124A0460234694DAB4652E0876825009540AF43B9468C
:206A2000CF6897404D462F4387604768B7434E68360945462E409E403E4346604AE0002670
:206A40005546AE404D462E433E665D462D68AA466546ED4301954D6880267603354200D051
:206A600094E05646019D2E405D462E606D68AA464D688026B603354200D08BE05646019D04
:206A80002E405D466E608426AE594D68AD0300D584E0019D2E4084255F467E518026BE59E2
:206AA0004D68ED037DD4019D2E4080275D46EE5101330F6802323E00DE4076D046469E4060
:206AC0003D003540AC463742F2D04F682740013F012FA0D94E682640032E22D0C76826003C
:206AE0009640B7438E6896403E43C6604E682640022E16D1DE08B600851901952D6AAA46C9
:206B000007271F40BF000F25BD40A94655464E46B543AA460D69BD402F0055462F43019DA5
:206B20002F62076826009640B7434E68264096403E4306604E68C025AD022E42B8D09F089D
:206B4000BF001D4DA9464F443D6E019525001D40ED00AA460F255646B540019EAE43B1469E
:206B6000A025ED05A84200D169E7144EB04209D0134EB04208D0134D4619751EAE41760044
:206B800003365DE701265BE7022659E7654656462E4369E7654656462E4372E765462E4372
:206BA00079E7654635432E007FE703B0F0BCBB46B246A946A046F0BD001802400004005036
:206BC0000008005000F4FFAF002A01D0816170478162FCE710B5020013490B68134803402D
:206BE00013430B6080239B0000209A4200D010BD0F4B1B685800C01840000E49FAF782FEE8
:206C00000130094B5B695B050AD507498022D20001384B69134205D00028F9D10320E6E72F
:206C20000020E4E70020E2E700700040FFF9FFFFC000002040420F00F0B5CE46474680B5EE
:206C400083B0041E00D146E20368DB0738D5C74A916838230B40D268102B26D0082B27D047
:206C600063688022520293427AD0A022D20293427DD0BE4B1A68BE490A401A601A68BD499E
:206C80000A401A606368002B7DD0FFF767F90500B64F8026B6023B68334211D1FFF75EF9E8
:206CA000401B6428F7D9032016E2D2439207D7D1AE4B1B689B0303D56368002B00D110E201
:206CC00023689B072AD5A94A916838230B40D268102B68D0002B6BD1A44B1B685B0500D53B
:206CE00022E2A2494A6863691B02A348024013434B609E4A1368A1490B4021690B431360F9
:206D000013689F499B045B0F9E4ADA400A609E4B1868FFF7DBF8002800D0E4E123681B07FF
:206D200000D48BE0914B9A6838231340182B7DD0A369002B00D1C4E08C4A136E01210B4385
:206D40001366FFF70BF90500884F02263B6E1E4274D1FFF703F9401B0228F7D90320BBE168
:206D6000824A116880235B020B4313608AE77F4B19688022D2020A431A601968802252029D
:206D80000A431A607EE7FFF7E9F80500774F8026B6023B68334293D0FFF7E0F8401B642897
:206DA000F7D9032098E10D3B1340022B00D1ABE1E368002B24D06D4A136870490B40216918
:206DC0000B431360116880235B000B431360FFF7C5F80500654F8026F6003B68334206D1C3
:206DE000FFF7BCF8401B0228F7D9032074E15F494A6863691B026048024013434B608DE77A
:206E00005A4A136861490B401360FFF7A7F80500564F8026F6003B68334200D17EE7FFF7CC
:206E20009DF8401B0228F6D9032055E14F4B1B6E9B0703D5A369002B00D156E123685B0747
:206E400000D4ACE0494B9A6838231340202B4CD0464BDB6B00229146DB000BD4434BDA6BCA
:206E6000802149050A43DA63DB6B0B400193019B01239946464B1B68DB053FD5A368012B96
:206E800052D0052B56D0394BDA6D01218A43DA65DA6D03318A43DA65A368002B54D0FFF7AA
:206EA0005DF80600314B984602273A4D4346DB6D1F4271D1FFF752F8801BA842F6D9032042
:206EC0000AE12A4A136E01218B431366FFF746F80500264F02263B6E1E42AFD0FFF73EF8DF
:206EE000401B0228F7D90320F6E0204BDB6D9B0755D5A368002B52D10120EDE0244A116897
:206F000080235B000B431360FFF728F80600204D80277F002B683B42B0D1FFF71FF8801BCA
:206F20000228F7D90320D7E0104AD36D01210B43D365B1E70D4BDA6D04210A43DA65DA6D0C
:206F400003390A43DA65A7E7FFF708F80600074B984602270F4D4346DB6D1F421CD0FEF717
:206F6000FDFF801BA842F6D90320B5E000100240FFFFFEFFFFFFFBFFFF80FFFFFFC7FFFF83
:206F8000C00000200024F400CC000020FFFEFFFF00700040881300004B46012B21D0E369CD
:206FA0000020002B00D197E0664A916838220A40102A66D0022B1AD0624A136862490B404D
:206FC0001360FEF7CBFF04005E4E8025AD0433682B424FD0FEF7C2FF001B0228F7D9032064
:206FE0007AE0584AD36B59490B40D363D7E7554A136855490B401360FEF7B0FF0500514FB7
:207000008026B6043B68334206D0FEF7A7FF401B0228F7D903205FE04A4AD168236A606AAC
:2070200003434B4801400B43E16A0B43216B0B43616B0B43A16A09020B43D36011688023A8
:207040005B040B431360D16880235B050B43D360FEF784FF04003B4E8025AD0433682B42F0
:2070600006D1FEF77BFF001B0228F7D9032033E0002031E0334AD36836490B40D360002079
:207080002AE0012B33D02F4BDA6803231340216A01208B4220D170231340616A8B421BD1AE
:2070A000FE21C9011140A36A1B02994214D1F8239B031340E16A8B420ED1E0231B05134033
:2070C000216B8B4208D1530F5B07626B9B1A5A1E9341D8B200E0012003B0C0BCB946B0463D
:2070E000F0BD0120F8E70120F6E70120F4E70120F2E70120F0E713494A6863691B021648A2
:20710000024013434B6002E60E4B1B685B05F2D5E368002BEDD00B494A6863691B020E48C9
:20712000024013434B60F2E5E3680120002BD3D004494A6863691B020748024013434B6081
:20714000D7E5C04600100240FFFFFFFEFFFFFFEF8C80C111FCFFFEEEFF80FFFF10B5294BB9
:207160009B6838221A4206D1264B1B689B045B0F2548D84010BD234B9A6838231340082BDF
:207180003AD0204B9A6838231340102B14D01D4B9A6838231340202B30D01A4B9B68382088
:2071A00018401838431E98414042184B1840FA23DB019C466044DDE7124AD368D16849064E
:2071C000490F0131DB439B070ED00E4BDC686404640E0D48FAF796FB60430A4BD968490FA8
:2071E0000131FAF78FFBC5E7D4686404640E0848FAF788FB6043F0E70548BBE78020000251
:20720000B8E7C046001002400024F4000083FFFF00127A00F8B5CE46474680B504000D00BE
:20722000002800D1B6E05D4B1A68072313408B4221D323689A070ED55B0705D5584A916871
:20724000E023DB010B439360554A936855490B40A1680B4393602368DB075BD56368012BAD
:2072600023D0022B42D0002B46D14D4A1268520520D4012070E0494A136807218B432B435B
:207280001360FEF76BFE0600444B98460727464B994643461B683B40AB42CAD0FEF75EFEAD
:2072A000801B4845F5D9032056E03D4A1268920300D471E03A498A680720824313438B6022
:2072C000FEF74CFE0600364B98463827364B994643469A683A406368DB009A421AD0FEF7E5
:2072E0003DFE801B4845F3D9032035E02C4A12689201DFD401202FE0032B05D0284AD26D0D
:207300009207D7D4012027E0254A126E9207D1D4012021E0214B1A6807231340AB421FD863
:2073200023685B0706D51E4A936820490B40E1680B439360FFF712FF194B9B681C491D4AAA
:207340001B051B0F9B009B581F221340D8400860194B1868FEF7BAFDC0BCB946B046F8BD8B
:207360000E4A136807218B432B431360FEF7F6FD06000A4B984607270B4B994643461B68D3
:207380003B40AB42CCD0FEF7E9FD801B4845F5D90320E1E70120DFE70120DDE700200240FF
:2073A00000100240FFF0FFFF88130000FF8FFFFFC00000209C820008CC000020F0B5D646B4
:2073C0004F464646C0B582B00400036800209B032BD5714BDB6B00229246DB000BD46E4B49
:2073E000DA6B802149050A43DA63DB6B0B400193019B01239A46694A116880235B000B4392
:207400001360FEF7ABFD0500644F802676003B68334200D0AFE0FEF7A1FD401B0228F6D92A
:2074200003205346012B00D18AE02368DB0706D5594A536D03218B4361680B435365236832
:20744000DB0606D5544A536D55490B40A1680B43536523689B0506D54F4A536D51490B40D6
:2074600061690B43536523685B0506D54A4A536D4D490B40A1690B43536523689B0606D52A
:20748000454A536D49490B40E1680B43536523685B040BD5404A536D9B009B08E1690B4387
:2074A00053658023DB05E2699A424FD023689B020BD5394A536D3E490B40216A0B4353659D
:2074C0008023DB03226A9A4247D023681B050BD5314A536D37490B4021690B4353658023E8
:2074E000DB0122699A423FD002B0E0BCBA46B146A846F0BD636A8B4245D0274BDA6D2E497B
:207500001140DD6D802040022843D865D86D2B4D2840D865D965D20735D5FEF71FFD0500AD
:207520001D4B98460226264B99464346DB6D1E4229D1FEF713FD401B4845F6D9032070E72C
:20754000154AD36B1F490B40D3636EE7124AD16880235B020B43D360A8E70F4AD168802376
:207560005B040B43D360B0E70B4AD16880235B020B43D360B8E7084BDA6DC0239B001100BD
:2075800019401A42B6D1044AD36D0B490B40616A0B43D365002044E70010024000700040E4
:2075A000FFF3FFFFFFFFF3FFFFFFCFFFFFCFFFFFFFFFBFFFFF3FFFFFFFFCFFFFFFFFFEFF67
:2075C00088130000FFFFFFEF70B5036A026A0124A243026244688269184D2A400D682A4370
:2075E0000225AB438D682B43154DA8420CD0154DA8421BD0144DA84212D10825AB43CD6836
:207600002B430425AB4305E00825AB43CD682B430425AB430D4D25404C698E6934432C43DA
:20762000446082614A684263036270BD0825AB43CD682B430425AB43ECE7C0468CFFFEFFA4
:20764000002C01400044014000480140FFFCFFFF70B5026A036A164C234003624468C369B6
:20766000144D2B400D681D43134B1A408B681B021343124A904206D0114A90420AD0114AE5
:2076800090420ED106E0104A1A40CB681B0213430E4A13400E4A22404C698E69344324014C
:2076A00014434460C5614A68C263036270BDC046FFFEFFFF8CFFFEFFFFFDFFFF002C014050
:2076C0000044014000480140FFF7FFFFFFFBFFFFFFCFFFFF30B5046A036A114A1340036211
:2076E0004568C3690F4A13400A6812021A430E4B1C408B681B0323430C4CA04205D00C4C8F
:20770000A04202D00B4CA04204D10B4C2C404D69AD0125434560C2614A680264036230BDE6
:20772000FFEFFFFFFF8CFFFEFFDFFFFF002C01400044014000480140FFBFFFFF30B5056A6E
:20774000036A114A134003624468426D0F4B1A400B681A430E4B1D408B681B042B430D4D3A
:20776000A84205D00C4DA84202D00C4DA84204D1054D25404C6924022C43446042654A681F
:207780008265036230BDC046FFFFFEFF8FFFFEFFFFFFFDFF002C01400044014000480140AF
:2077A00030B5046A036A114A134003624568436D0F4A13400A6812021A430E4B1C408B6862
:2077C0001B0523430C4CA04205D00C4CA04202D00B4CA04204D10B4C2C404D69AD0225436A
:2077E000456042654A68C265036230BDFFFFEFFFFF8FFFFEFFFFDFFF002C014000440140CD
:2078000000480140FFFFFBFF704700000368464A904259D08022D205904200D171E0434A40
:20782000904213D0424A904200D16EE0414A90423CD0414A90422BD0802293434A691343D4
:2078400003608B68C3620B68836250E0702293434A681343344A90423AD08022D205904210
:2078600053D0364A1340CA681343802293434A69134303608B68C3620B6883622A4B9842E7
:2078800033D02C4B984230D02B4B98422DD02EE02A4A1340CA681343802293434A69134369
:2078A00003608B68C3620B6883621EE0234A1340CA681343802293434A69134303608B68D8
:2078C000C3620B68836210E0702293434A6813431A4A1340CA681343802293434A6913430B
:2078E00003608B68C3620B6883620B690363012343610269134203D00369012293430361B7
:207900007047702293434A6813430C4A1340CA681343802293434A69134303608B68C36213
:207920000B688362E3E7C046002C014000040040002000400044014000480140FFFCFFFF07
:2079400070B5041E2AD03D23C35C002B20D03D2502236355210001C9FFF758FF0123482247
:20796000A3540A3AA3540132A3540132A3540132A3540132A3540132A3540132A3540132A6
:20798000A3540132A3540132A3546355002070BD3C330022C254FCF70BFCD8E70120F6E739
:2079A00070B5041E2AD03D23C35C002B20D03D2502236355210001C9FFF728FF0123482217
:2079C000A3540A3AA3540132A3540132A3540132A3540132A3540132A3540132A354013246
:2079E000A3540132A3540132A3546355002070BD3C330022C254FFF707FFD8E70120F6E7D7
:207A000070B5046A036A10229343036243688269144D2A400D682D021543202294438A6891
:207A200012012243104CA04206D0104CA0420BD00F4CA0420FD107E08024A2431600CA68CC
:207A400012013243403CA2430A4C1C404B698E6933439B002343436085614B6883630262E3
:207A600070BDC046FF8CFFFE002C01400044014000480140FFF3FFFF70B504000D003C234B
:207A8000C35C012B00D192E03C230121C154142A00D987E09200474B9B589F4600682900B7
:207AA000FFF792FD2268936908210B4393612268936904398B4393612268936929690B4365
:207AC000936100206FE000682900FFF799FF2268916980231B010B4393612268936936499A
:207AE0000B409361226891692B691B020B439361002058E000682900FFF7AAFD2268D36984
:207B000008210B43D3612268D36904398B43D3612268D36929690B43D361002043E0006830
:207B20002900FFF7D7FD2268D16980231B010B43D3612268D36920490B40D3612268D169DB
:207B40002B691B020B43D36100202CE000682900FFF7F4FD2268536D08210B43536522684B
:207B6000536D04398B4353652268536D29690B435365002017E000682900FFF711FE226869
:207B8000516D80231B010B4353652268536D0A490B4053652268516D2B691B020B435365C3
:207BA000002000E001203C230022E25470BD0220FCE7C046D4840008FFFBFFFF30B584688C
:207BC000034D2C401B020A4313432343836030BDFF00FFFF70B504003C23C35C012B00D152
:207BE000ADE03C230122C25401330132C254026893685448034093600B68602B64D038D86A
:207C0000402B00D17CE016D8202B06D00FD81022190091430120002941D121688A684A484E
:207C200002401343072213438B60002037E00120302BF2D033E00120502B30D123684868E2
:207C4000CA68196A1D6A0126B5431D629D69EF36B54312012A430A25A94301439A611962D2
:207C60002268936838490B4057210B439360002015E08022520193425DD0802292019342E4
:207C800014D0702B59D1CB684A6889682068FFF795FF2268936877210B43936000203D2375
:207CA0000122E254013B0022E25470BDCB684A6889682068FFF782FF226891688023DB01D3
:207CC0000B4393600020EAE723684A68C968186A1D6A1026B5431D629D691C4E354009035D
:207CE0002943A025A8431201024399611A622268936815490B4067210B4393600020CEE7CE
:207D000023684868CA68196A1D6A0126B5431D629D69EF36B54312012A430A25A94301434C
:207D20009A6119622268936807490B4047210B4393600020B3E70020B1E70120AFE70220B9
:207D4000B3E7C0468800CEFF8FFFCFFFFF0FFFFF10B51F231940036A01248C40A3430362BD
:207D6000036A8A401A43026210BD000010B50400102951D88B003F4AD3589F463E23C35C6F
:207D8000012B00D06CE03E230222E25420680122FFF7DEFF2368384A934205D0374A934255
:207DA00002D0374A934208D1596C802212020A435A642368304A934244D08022D205934200
:207DC00040D0304A93423DD01A6801210A431A60002010BD3F23C35C012B43D13F23022298
:207DE000E254D3E74023C35C0120012BF1D140230222E254CAE74123C35C013B5A1E934189
:207E0000DBB2002B0CD00120E3E74223C35C013B5A1E9341DBB2F4E74323E35C012B23D1AA
:207E200010290BD88B00184AD3589F4641230222E254ABE742230222E254A7E74323022202
:207E4000E254A3E79A6811490A40062A0ED007398A420DD01A6801210A431A600020B8E79B
:207E60000120B6E70120B4E70120B2E70020B0E70020AEE728850008002C014000440140BB
:207E800000480140000400406C8500080700010070B504000D0000680022FFF759FF23687B
:207EA000204A934218D0204A934215D01F4A934212D02368196A1E4A114207D1196A1D4ACC
:207EC000114203D11A6801218A431A60102D25D8AD00194B5B599F46196A154A1142E8D1BE
:207EE000196A144A1142E4D15A6C14490A405A64DFE73E230122E254002070BD3F2301221C
:207F0000E254F9E740230122E254F5E741230122E254F1E742230122E254EDE74323012203
:207F2000E254E9E7002C014000440140004801401111000044040000B0850008FF7FFFFF9D
:207F400030B53C23C35C012B2DD03C230122C25401330132C254026853689468134DAA4213
:207F60001CD07025AB430D682B43536003680F4A934206D08022D205934202D00C4A934242
:207F800004D1802294438A6814439C603D230122C254013B0022C254002030BD054D2B4077
:207FA0004D682B43DDE70220F7E7C046002C014000040040FFFF0FFFF0B5D6464F46464635
:207FC000C0B50B68002B5AD000220124A14620E0C3689846270067437B009C46BC44634656
:207FE000DE430B697B439A46454663469D432B0055461D43C5604B68022B25D004684B68FB
:208000007B4334402343036001320B681C00D44035D04E4696401C0034403342F4D04B68A4
:20802000013B012BD4D88368270067437E00F619B3438E687E43334383604368A343CE6816
:20804000664333434360C3E7FF2C0CD8036A3C007C43A44624016546641BA3434C696C43BA
:2080600023430362CAE7436A240A6443644325012D1BAB434D696C4323434362BEE70020CA
:20808000E0BCBA46B146A846F0BD00000300104A904204D00F4A012093420CD070470E4B74
:2080A000D96A802292030A43DA62DA6A0B490A40DA620020F2E7084BD96A8022D2030A434C
:2080C000DA62DA6A06490A40DA620020E6E7C046005400400058004000100240FFFFDFFFFE
:2080E000FFFFBFFF30B503680124A34303600268CB681B028D682B43154D2A401343036064
:208100004B6803610368234303608368114A1340836082680B698C692343D20AD2021343D9
:2081200083600B69002B04D0826880231B02134383600368084A13400A6813430360436820
:20814000044A13404A6913434360002030BDC046FFE0FFFFFF7FFFFFFFFFCFFF03008218FD
:20816000934200D1704719700133F9E770B500260C4C0D4D641BA410A64209D1002600F0FD
:2081800023F80A4C0A4D641BA410A64205D170BDB300EB5898470136EEE7B300EB58984743
:2081A0000136F2E7F4850008F4850008F8850008F4850008002310B59A4200D110BDCC5C1D
:2081C000C4540133F8E70000F8B5C046F8BC08BC9E467047F8B5C046F8BC08BC9E467047E8
:2081E0006A1C0008961B0008801B0008FC1B0008801B0008301C0008801B0008FC1B0008BD
:20820000961B0008961B0008301C0008FC1B00086C1B00086C1B00086C1B00083A1C00086E
:20822000961B0008961B0008801B0008D61C0008801B0008301C0008801B0008D61C00089B
:20824000961B0008961B0008301C0008D61C00086C1B00086C1B00086C1B00084C27000836
:208260000A260008E8250008D4250008E8250008EE260008E8250008D42500080A26000831
:208280000A260008EE260008D4250008CC250008CC250008CC25000810270008000000005F
:2082A0000000000000000000000000000000000000000000000000000000000001000000BD
:2082C000020000000300000004000000060000000700000008000000090000002A4C0008F9
:2082E0002A4C00082A4C00082A4C00082A4C00082A4C00082A4C00082A4C00082A4D00088D
:208300002A4D00082A4D00082A4D00082A4D00082A4D00082A4D00082A4D00084C4C000844
:208320004C4C00084C4C00084C4C00084C4C00084C4C00084C4C00084C4C00082A4D00085E
:208340002A4D00082A4D00082A4D00082A4D00082A4D00082A4D00082A4D0008664C0008EA
:20836000664C0008664C0008664C0008664C0008664C0008664C0008664C00082A4D000868
:208380002A4D00082A4D00082A4D00082A4D00082A4D00082A4D00082A4D0008944C00087C
:2083A000944C0008944C0008944C0008944C0008944C0008944C0008944C00082A4D0008E6
:2083C0002A4D00082A4D00082A4D00082A4D00082A4D00082A4D00082A4D0008AE4C000822
:2083E000AE4C0008AE4C0008AE4C0008AE4C0008AE4C0008AE4C0008AE4C0008AE4C00086D
:20840000AE4C0008AE4C0008AE4C0008AE4C0008AE4C0008AE4C0008AE4C0008CC4C00082E
:20842000CC4C0008CC4C0008CC4C0008CC4C0008CC4C0008CC4C0008CC4C00082A4D0008DD
:208440002A4D00082A4D00082A4D00082A4D00082A4D00082A4D00082A4D0008E64C000869
:20846000E64C0008E64C0008E64C0008E64C0008E64C0008E64C0008E64C00082A4D0008E7
:208480002A4D00082A4D00082A4D00082A4D00082A4D00082A4D00082A4D0008104D0008FE
:2084A000104D0008104D0008104D0008104D0008104D0008104D0008104D0008D05A0008C7
:2084C000105B00082A5B0008445B0008C05B0008DA5B00089C7A0008A47B0008A47B000829
:2084E000A47B0008C67A0008A47B0008A47B0008A47B0008F47A0008A47B0008A47B0008D4
:20850000A47B00081E7B0008A47B0008A47B0008A47B00084C7B0008A47B0008A47B000801
:20852000A47B0008767B00087C7D0008187E0008187E0008187E0008D47D0008187E000849
:20854000187E0008187E0008E47D0008187E0008187E0008187E0008F67D0008187E000883
:20856000187E0008187E00080A7E0008867D00083C7E00083C7E00083C7E0008DC7D00087D
:208580003C7E00083C7E00083C7E0008EE7D00083C7E00083C7E00083C7E00082C7E00082A
:2085A0003C7E00083C7E00083C7E0008347E0008F27E00081C7F00081C7F00081C7F00085A
:2085C000FC7E00081C7F00081C7F00081C7F0008047F00081C7F00081C7F00081C7F0008BC
:2085E0000C7F00081C7F00081C7F00081C7F0008147F0008E5180008BD1800080024F4006A
:208600000100E40C0100000004000000FFFFFFFFFFFFFFFFFFFFFFFFFFFFFFFFFFFFFFFF78
:20862000FFFFFFFFFFFFFFFFFFFFFFFFFFFFFFFFFFFFFFFFFFFFFFFFFFFFFFFFFFFFFFFF5A
:20864000FFFFFFFFFFFFFFFFFFFFFFFFFFFFFFFFFFFFFFFFFFFFFFFFFFFFFFFFFFFFFFFF3A
:20866000FFFFFFFFFFFFFFFFFFFFFFFFFFFFFFFFFFFFFFFFFFFFFFFFFFFFFFFFFFFFFFFF1A
:20868000FFFFFFFFFFFFFFFFFFFFFFFFFFFFFFFFFFFFFFFFFFFFFFFFFFFFFFFFFFFFFFFFFA
:2086A000FFFFFFFFFFFFFFFFFFFFFFFFFFFFFFFFFFFFFFFFFFFFFFFFFFFFFFFFFFFFFFFFDA
:2086C000FFFFFFFFFFFFFFFFFFFFFFFFFFFFFFFFFFFFFFFFFFFFFFFFFFFFFFFFFFFFFFFFBA
:2086E000FFFFFFFFFFFFFFFFFFFFFFFFFFFFFFFFFFFFFFFFFFFFFFFFFFFFFFFFFFFFFFFF9A
:20870000FFFFFFFFFFFFFFFFFFFFFFFFFFFFFFFFFFFFFFFFFFFFFFFFFFFFFFFFFFFFFFFF79
:20872000FFFFFFFFFFFFFFFFFFFFFFFFFFFFFFFFFFFFFFFFFFFFFFFFFFFFFFFFFFFFFFFF59
:20874000FFFFFFFFFFFFFFFFFFFFFFFFFFFFFFFFFFFFFFFFFFFFFFFFFFFFFFFFFFFFFFFF39
:20876000FFFFFFFFFFFFFFFFFFFFFFFFFFFFFFFFFFFFFFFFFFFFFFFFFFFFFFFFFFFFFFFF19
:20878000FFFFFFFFFFFFFFFFFFFFFFFFFFFFFFFFFFFFFFFFFFFFFFFFFFFFFFFFFFFFFFFFF9
:2087A000FFFFFFFFFFFFFFFFFFFFFFFFFFFFFFFFFFFFFFFFFFFFFFFFFFFFFFFFFFFFFFFFD9
:2087C000FFFFFFFFFFFFFFFFFFFFFFFFFFFFFFFFFFFFFFFFFFFFFFFFFFFFFFFFFFFFFFFFB9
:2087E000FFFFFFFFFFFFFFFFFFFFFFFFFFFFFFFFFFFFFFFFFFFFFFFFFFFFFFFFFFFFFFFF99
:20880000FFFFFFFFFFFFFFFFFFFFFFFFFFFFFFFFFFFFFFFFFFFFFFFFFFFFFFFFFFFFFFFF78
:20882000FFFFFFFFFFFFFFFFFFFFFFFFFFFFFFFFFFFFFFFFFFFFFFFFFFFFFFFFFFFFFFFF58
:20884000FFFFFFFFFFFFFFFFFFFFFFFFFFFFFFFFFFFFFFFFFFFFFFFFFFFFFFFFFFFFFFFF38
:20886000FFFFFFFFFFFFFFFFFFFFFFFFFFFFFFFFFFFFFFFFFFFFFFFFFFFFFFFFFFFFFFFF18
:20888000FFFFFFFFFFFFFFFFFFFFFFFFFFFFFFFFFFFFFFFFFFFFFFFFFFFFFFFFFFFFFFFFF8
:2088A000FFFFFFFFFFFFFFFFFFFFFFFFFFFFFFFFFFFFFFFFFFFFFFFFFFFFFFFFFFFFFFFFD8
:2088C000FFFFFFFFFFFFFFFFFFFFFFFFFFFFFFFFFFFFFFFFFFFFFFFFFFFFFFFFFFFFFFFFB8
:2088E000FFFFFFFFFFFFFFFFFFFFFFFFFFFFFFFFFFFFFFFFFFFFFFFFFFFFFFFFFFFFFFFF98
:20890000FFFFFFFFFFFFFFFFFFFFFFFFFFFFFFFFFFFFFFFFFFFFFFFFFFFFFFFFFFFFFFFF77
:20892000FFFFFFFFFFFFFFFFFFFFFFFFFFFFFFFFFFFFFFFFFFFFFFFFFFFFFFFFFFFFFFFF57
:20894000FFFFFFFFFFFFFFFFFFFFFFFFFFFFFFFFFFFFFFFFFFFFFFFFFFFFFFFFFFFFFFFF37
:20896000FFFFFFFFFFFFFFFFFFFFFFFFFFFFFFFFFFFFFFFFFFFFFFFFFFFFFFFFFFFFFFFF17
:20898000FFFFFFFFFFFFFFFFFFFFFFFFFFFFFFFFFFFFFFFFFFFFFFFFFFFFFFFFFFFFFFFFF7
:2089A000FFFFFFFFFFFFFFFFFFFFFFFFFFFFFFFFFFFFFFFFFFFFFFFFFFFFFFFFFFFFFFFFD7
:2089C000FFFFFFFFFFFFFFFFFFFFFFFFFFFFFFFFFFFFFFFFFFFFFFFFFFFFFFFFFFFFFFFFB7
:2089E000FFFFFFFFFFFFFFFFFFFFFFFFFFFFFFFFFFFFFFFFFFFFFFFFFFFFFFFFFFFFFFFF97
:208A0000FFFFFFFFFFFFFFFFFFFFFFFFFFFFFFFFFFFFFFFFFFFFFFFFFFFFFFFFFFFFFFFF76
:208A2000FFFFFFFFFFFFFFFFFFFFFFFFFFFFFFFFFFFFFFFFFFFFFFFFFFFFFFFFFFFFFFFF56
:208A4000FFFFFFFFFFFFFFFFFFFFFFFFFFFFFFFFFFFFFFFFFFFFFFFFFFFFFFFFFFFFFFFF36
:208A6000FFFFFFFFFFFFFFFFFFFFFFFFFFFFFFFFFFFFFFFFFFFFFFFFFFFFFFFFFFFFFFFF16
:208A8000FFFFFFFFFFFFFFFFFFFFFFFFFFFFFFFFFFFFFFFFFFFFFFFFFFFFFFFFFFFFFFFFF6
:208AA000FFFFFFFFFFFFFFFFFFFFFFFFFFFFFFFFFFFFFFFFFFFFFFFFFFFFFFFFFFFFFFFFD6
:208AC000FFFFFFFFFFFFFFFFFFFFFFFFFFFFFFFFFFFFFFFFFFFFFFFFFFFFFFFFFFFFFFFFB6
:208AE000FFFFFFFFFFFFFFFFFFFFFFFFFFFFFFFFFFFFFFFFFFFFFFFFFFFFFFFFFFFFFFFF96
:208B0000FFFFFFFFFFFFFFFFFFFFFFFFFFFFFFFFFFFFFFFFFFFFFFFFFFFFFFFFFFFFFFFF75
:208B2000FFFFFFFFFFFFFFFFFFFFFFFFFFFFFFFFFFFFFFFFFFFFFFFFFFFFFFFFFFFFFFFF55
:208B4000FFFFFFFFFFFFFFFFFFFFFFFFFFFFFFFFFFFFFFFFFFFFFFFFFFFFFFFFFFFFFFFF35
:208B6000FFFFFFFFFFFFFFFFFFFFFFFFFFFFFFFFFFFFFFFFFFFFFFFFFFFFFFFFFFFFFFFF15
:208B8000FFFFFFFFFFFFFFFFFFFFFFFFFFFFFFFFFFFFFFFFFFFFFFFFFFFFFFFFFFFFFFFFF5
:208BA000FFFFFFFFFFFFFFFFFFFFFFFFFFFFFFFFFFFFFFFFFFFFFFFFFFFFFFFFFFFFFFFFD5
:208BC000FFFFFFFFFFFFFFFFFFFFFFFFFFFFFFFFFFFFFFFFFFFFFFFFFFFFFFFFFFFFFFFFB5
:208BE000FFFFFFFFFFFFFFFFFFFFFFFFFFFFFFFFFFFFFFFFFFFFFFFFFFFFFFFFFFFFFFFF95
:208C0000FFFFFFFFFFFFFFFFFFFFFFFFFFFFFFFFFFFFFFFFFFFFFFFFFFFFFFFFFFFFFFFF74
:208C2000FFFFFFFFFFFFFFFFFFFFFFFFFFFFFFFFFFFFFFFFFFFFFFFFFFFFFFFFFFFFFFFF54
:208C4000FFFFFFFFFFFFFFFFFFFFFFFFFFFFFFFFFFFFFFFFFFFFFFFFFFFFFFFFFFFFFFFF34
:208C6000FFFFFFFFFFFFFFFFFFFFFFFFFFFFFFFFFFFFFFFFFFFFFFFFFFFFFFFFFFFFFFFF14
:208C8000FFFFFFFFFFFFFFFFFFFFFFFFFFFFFFFFFFFFFFFFFFFFFFFFFFFFFFFFFFFFFFFFF4
:208CA000FFFFFFFFFFFFFFFFFFFFFFFFFFFFFFFFFFFFFFFFFFFFFFFFFFFFFFFFFFFFFFFFD4
:208CC000FFFFFFFFFFFFFFFFFFFFFFFFFFFFFFFFFFFFFFFFFFFFFFFFFFFFFFFFFFFFFFFFB4
:208CE000FFFFFFFFFFFFFFFFFFFFFFFFFFFFFFFFFFFFFFFFFFFFFFFFFFFFFFFFFFFFFFFF94
:208D0000FFFFFFFFFFFFFFFFFFFFFFFFFFFFFFFFFFFFFFFFFFFFFFFFFFFFFFFFFFFFFFFF73
:208D2000FFFFFFFFFFFFFFFFFFFFFFFFFFFFFFFFFFFFFFFFFFFFFFFFFFFFFFFFFFFFFFFF53
:208D4000FFFFFFFFFFFFFFFFFFFFFFFFFFFFFFFFFFFFFFFFFFFFFFFFFFFFFFFFFFFFFFFF33
:208D6000FFFFFFFFFFFFFFFFFFFFFFFFFFFFFFFFFFFFFFFFFFFFFFFFFFFFFFFFFFFFFFFF13
:208D8000FFFFFFFFFFFFFFFFFFFFFFFFFFFFFFFFFFFFFFFFFFFFFFFFFFFFFFFFFFFFFFFFF3
:208DA000FFFFFFFFFFFFFFFFFFFFFFFFFFFFFFFFFFFFFFFFFFFFFFFFFFFFFFFFFFFFFFFFD3
:208DC000FFFFFFFFFFFFFFFFFFFFFFFFFFFFFFFFFFFFFFFFFFFFFFFFFFFFFFFFFFFFFFFFB3
:208DE000FFFFFFFFFFFFFFFFFFFFFFFFFFFFFFFFFFFFFFFFFFFFFFFFFFFFFFFFFFFFFFFF93
:208E0000FFFFFFFFFFFFFFFFFFFFFFFFFFFFFFFFFFFFFFFFFFFFFFFFFFFFFFFFFFFFFFFF72
:208E2000FFFFFFFFFFFFFFFFFFFFFFFFFFFFFFFFFFFFFFFFFFFFFFFFFFFFFFFFFFFFFFFF52
:208E4000FFFFFFFFFFFFFFFFFFFFFFFFFFFFFFFFFFFFFFFFFFFFFFFFFFFFFFFFFFFFFFFF32
:208E6000FFFFFFFFFFFFFFFFFFFFFFFFFFFFFFFFFFFFFFFFFFFFFFFFFFFFFFFFFFFFFFFF12
:208E8000FFFFFFFFFFFFFFFFFFFFFFFFFFFFFFFFFFFFFFFFFFFFFFFFFFFFFFFFFFFFFFFFF2
:208EA000FFFFFFFFFFFFFFFFFFFFFFFFFFFFFFFFFFFFFFFFFFFFFFFFFFFFFFFFFFFFFFFFD2
:208EC000FFFFFFFFFFFFFFFFFFFFFFFFFFFFFFFFFFFFFFFFFFFFFFFFFFFFFFFFFFFFFFFFB2
:208EE000FFFFFFFFFFFFFFFFFFFFFFFFFFFFFFFFFFFFFFFFFFFFFFFFFFFFFFFFFFFFFFFF92
:208F0000FFFFFFFFFFFFFFFFFFFFFFFFFFFFFFFFFFFFFFFFFFFFFFFFFFFFFFFFFFFFFFFF71
:208F2000FFFFFFFFFFFFFFFFFFFFFFFFFFFFFFFFFFFFFFFFFFFFFFFFFFFFFFFFFFFFFFFF51
:208F4000FFFFFFFFFFFFFFFFFFFFFFFFFFFFFFFFFFFFFFFFFFFFFFFFFFFFFFFFFFFFFFFF31
:208F6000FFFFFFFFFFFFFFFFFFFFFFFFFFFFFFFFFFFFFFFFFFFFFFFFFFFFFFFFFFFFFFFF11
:208F8000FFFFFFFFFFFFFFFFFFFFFFFFFFFFFFFFFFFFFFFFFFFFFFFFFFFFFFFFFFFFFFFFF1
:208FA000FFFFFFFFFFFFFFFFFFFFFFFFFFFFFFFFFFFFFFFFFFFFFFFFFFFFFFFFFFFFFFFFD1
:208FC000FFFFFFFFFFFFFFFFFFFFFFFFFFFFFFFFFFFFFFFFFFFFFFFFFFFFFFFFFFFFFFFFB1
:208FE000FFFFFFFFFFFFFFFFFFFFFFFFFFFFFFFFFFFFFFFFFFFFFFFFFFFFFFFFFFFFFFFF91
:20900000FFFFFFFFFFFFFFFFFFFFFFFFFFFFFFFFFFFFFFFFFFFFFFFFFFFFFFFFFFFFFFFF70
:20902000FFFFFFFFFFFFFFFFFFFFFFFFFFFFFFFFFFFFFFFFFFFFFFFFFFFFFFFFFFFFFFFF50
:20904000FFFFFFFFFFFFFFFFFFFFFFFFFFFFFFFFFFFFFFFFFFFFFFFFFFFFFFFFFFFFFFFF30
:20906000FFFFFFFFFFFFFFFFFFFFFFFFFFFFFFFFFFFFFFFFFFFFFFFFFFFFFFFFFFFFFFFF10
:20908000FFFFFFFFFFFFFFFFFFFFFFFFFFFFFFFFFFFFFFFFFFFFFFFFFFFFFFFFFFFFFFFFF0
:2090A000FFFFFFFFFFFFFFFFFFFFFFFFFFFFFFFFFFFFFFFFFFFFFFFFFFFFFFFFFFFFFFFFD0
:2090C000FFFFFFFFFFFFFFFFFFFFFFFFFFFFFFFFFFFFFFFFFFFFFFFFFFFFFFFFFFFFFFFFB0
:2090E000FFFFFFFFFFFFFFFFFFFFFFFFFFFFFFFFFFFFFFFFFFFFFFFFFFFFFFFFFFFFFFFF90
:20910000FFFFFFFFFFFFFFFFFFFFFFFFFFFFFFFFFFFFFFFFFFFFFFFFFFFFFFFFFFFFFFFF6F
:20912000FFFFFFFFFFFFFFFFFFFFFFFFFFFFFFFFFFFFFFFFFFFFFFFFFFFFFFFFFFFFFFFF4F
:20914000FFFFFFFFFFFFFFFFFFFFFFFFFFFFFFFFFFFFFFFFFFFFFFFFFFFFFFFFFFFFFFFF2F
:20916000FFFFFFFFFFFFFFFFFFFFFFFFFFFFFFFFFFFFFFFFFFFFFFFFFFFFFFFFFFFFFFFF0F
:20918000FFFFFFFFFFFFFFFFFFFFFFFFFFFFFFFFFFFFFFFFFFFFFFFFFFFFFFFFFFFFFFFFEF
:2091A000FFFFFFFFFFFFFFFFFFFFFFFFFFFFFFFFFFFFFFFFFFFFFFFFFFFFFFFFFFFFFFFFCF
:2091C000FFFFFFFFFFFFFFFFFFFFFFFFFFFFFFFFFFFFFFFFFFFFFFFFFFFFFFFFFFFFFFFFAF
:2091E000FFFFFFFFFFFFFFFFFFFFFFFFFFFFFFFFFFFFFFFFFFFFFFFFFFFFFFFFFFFFFFFF8F
:20920000FFFFFFFFFFFFFFFFFFFFFFFFFFFFFFFFFFFFFFFFFFFFFFFFFFFFFFFFFFFFFFFF6E
:20922000FFFFFFFFFFFFFFFFFFFFFFFFFFFFFFFFFFFFFFFFFFFFFFFFFFFFFFFFFFFFFFFF4E
:20924000FFFFFFFFFFFFFFFFFFFFFFFFFFFFFFFFFFFFFFFFFFFFFFFFFFFFFFFFFFFFFFFF2E
:20926000FFFFFFFFFFFFFFFFFFFFFFFFFFFFFFFFFFFFFFFFFFFFFFFFFFFFFFFFFFFFFFFF0E
:20928000FFFFFFFFFFFFFFFFFFFFFFFFFFFFFFFFFFFFFFFFFFFFFFFFFFFFFFFFFFFFFFFFEE
:2092A000FFFFFFFFFFFFFFFFFFFFFFFFFFFFFFFFFFFFFFFFFFFFFFFFFFFFFFFFFFFFFFFFCE
:2092C000FFFFFFFFFFFFFFFFFFFFFFFFFFFFFFFFFFFFFFFFFFFFFFFFFFFFFFFFFFFFFFFFAE
:2092E000FFFFFFFFFFFFFFFFFFFFFFFFFFFFFFFFFFFFFFFFFFFFFFFFFFFFFFFFFFFFFFFF8E
:20930000FFFFFFFFFFFFFFFFFFFFFFFFFFFFFFFFFFFFFFFFFFFFFFFFFFFFFFFFFFFFFFFF6D
:20932000FFFFFFFFFFFFFFFFFFFFFFFFFFFFFFFFFFFFFFFFFFFFFFFFFFFFFFFFFFFFFFFF4D
:20934000FFFFFFFFFFFFFFFFFFFFFFFFFFFFFFFFFFFFFFFFFFFFFFFFFFFFFFFFFFFFFFFF2D
:20936000FFFFFFFFFFFFFFFFFFFFFFFFFFFFFFFFFFFFFFFFFFFFFFFFFFFFFFFFFFFFFFFF0D
:20938000FFFFFFFFFFFFFFFFFFFFFFFFFFFFFFFFFFFFFFFFFFFFFFFFFFFFFFFFFFFFFFFFED
:2093A000FFFFFFFFFFFFFFFFFFFFFFFFFFFFFFFFFFFFFFFFFFFFFFFFFFFFFFFFFFFFFFFFCD
:2093C000FFFFFFFFFFFFFFFFFFFFFFFFFFFFFFFFFFFFFFFFFFFFFFFFFFFFFFFFFFFFFFFFAD
:2093E000FFFFFFFFFFFFFFFFFFFFFFFFFFFFFFFFFFFFFFFFFFFFFFFFFFFFFFFFFFFFFFFF8D
:20940000FFFFFFFFFFFFFFFFFFFFFFFFFFFFFFFFFFFFFFFFFFFFFFFFFFFFFFFFFFFFFFFF6C
:20942000FFFFFFFFFFFFFFFFFFFFFFFFFFFFFFFFFFFFFFFFFFFFFFFFFFFFFFFFFFFFFFFF4C
:20944000FFFFFFFFFFFFFFFFFFFFFFFFFFFFFFFFFFFFFFFFFFFFFFFFFFFFFFFFFFFFFFFF2C
:20946000FFFFFFFFFFFFFFFFFFFFFFFFFFFFFFFFFFFFFFFFFFFFFFFFFFFFFFFFFFFFFFFF0C
:20948000FFFFFFFFFFFFFFFFFFFFFFFFFFFFFFFFFFFFFFFFFFFFFFFFFFFFFFFFFFFFFFFFEC
:2094A000FFFFFFFFFFFFFFFFFFFFFFFFFFFFFFFFFFFFFFFFFFFFFFFFFFFFFFFFFFFFFFFFCC
:2094C000FFFFFFFFFFFFFFFFFFFFFFFFFFFFFFFFFFFFFFFFFFFFFFFFFFFFFFFFFFFFFFFFAC
:2094E000FFFFFFFFFFFFFFFFFFFFFFFFFFFFFFFFFFFFFFFFFFFFFFFFFFFFFFFFFFFFFFFF8C
:20950000FFFFFFFFFFFFFFFFFFFFFFFFFFFFFFFFFFFFFFFFFFFFFFFFFFFFFFFFFFFFFFFF6B
:20952000FFFFFFFFFFFFFFFFFFFFFFFFFFFFFFFFFFFFFFFFFFFFFFFFFFFFFFFFFFFFFFFF4B
:20954000FFFFFFFFFFFFFFFFFFFFFFFFFFFFFFFFFFFFFFFFFFFFFFFFFFFFFFFFFFFFFFFF2B
:20956000FFFFFFFFFFFFFFFFFFFFFFFFFFFFFFFFFFFFFFFFFFFFFFFFFFFFFFFFFFFFFFFF0B
:20958000FFFFFFFFFFFFFFFFFFFFFFFFFFFFFFFFFFFFFFFFFFFFFFFFFFFFFFFFFFFFFFFFEB
:2095A000FFFFFFFFFFFFFFFFFFFFFFFFFFFFFFFFFFFFFFFFFFFFFFFFFFFFFFFFFFFFFFFFCB
:2095C000FFFFFFFFFFFFFFFFFFFFFFFFFFFFFFFFFFFFFFFFFFFFFFFFFFFFFFFFFFFFFFFFAB
:2095E000FFFFFFFFFFFFFFFFFFFFFFFFFFFFFFFFFFFFFFFFFFFFFFFFFFFFFFFFFFFFFFFF8B
:20960000FFFFFFFFFFFFFFFFFFFFFFFFFFFFFFFFFFFFFFFFFFFFFFFFFFFFFFFFFFFFFFFF6A
:20962000FFFFFFFFFFFFFFFFFFFFFFFFFFFFFFFFFFFFFFFFFFFFFFFFFFFFFFFFFFFFFFFF4A
:20964000FFFFFFFFFFFFFFFFFFFFFFFFFFFFFFFFFFFFFFFFFFFFFFFFFFFFFFFFFFFFFFFF2A
:20966000FFFFFFFFFFFFFFFFFFFFFFFFFFFFFFFFFFFFFFFFFFFFFFFFFFFFFFFFFFFFFFFF0A
:20968000FFFFFFFFFFFFFFFFFFFFFFFFFFFFFFFFFFFFFFFFFFFFFFFFFFFFFFFFFFFFFFFFEA
:2096A000FFFFFFFFFFFFFFFFFFFFFFFFFFFFFFFFFFFFFFFFFFFFFFFFFFFFFFFFFFFFFFFFCA
:2096C000FFFFFFFFFFFFFFFFFFFFFFFFFFFFFFFFFFFFFFFFFFFFFFFFFFFFFFFFFFFFFFFFAA
:2096E000FFFFFFFFFFFFFFFFFFFFFFFFFFFFFFFFFFFFFFFFFFFFFFFFFFFFFFFFFFFFFFFF8A
:20970000FFFFFFFFFFFFFFFFFFFFFFFFFFFFFFFFFFFFFFFFFFFFFFFFFFFFFFFFFFFFFFFF69
:20972000FFFFFFFFFFFFFFFFFFFFFFFFFFFFFFFFFFFFFFFFFFFFFFFFFFFFFFFFFFFFFFFF49
:20974000FFFFFFFFFFFFFFFFFFFFFFFFFFFFFFFFFFFFFFFFFFFFFFFFFFFFFFFFFFFFFFFF29
:20976000FFFFFFFFFFFFFFFFFFFFFFFFFFFFFFFFFFFFFFFFFFFFFFFFFFFFFFFFFFFFFFFF09
:20978000FFFFFFFFFFFFFFFFFFFFFFFFFFFFFFFFFFFFFFFFFFFFFFFFFFFFFFFFFFFFFFFFE9
:2097A000FFFFFFFFFFFFFFFFFFFFFFFFFFFFFFFFFFFFFFFFFFFFFFFFFFFFFFFFFFFFFFFFC9
:2097C000FFFFFFFFFFFFFFFFFFFFFFFFFFFFFFFFFFFFFFFFFFFFFFFFFFFFFFFFFFFFFFFFA9
:2097E000FFFFFFFFFFFFFFFFFFFFFFFFFFFFFFFFFFFFFFFFFFFFFFFFFFFFFFFFFFFFFFFF89
:20980000FFFFFFFFFFFFFFFFFFFFFFFFFFFFFFFFFFFFFFFFFFFFFFFFFFFFFFFFFFFFFFFF68
:20982000FFFFFFFFFFFFFFFFFFFFFFFFFFFFFFFFFFFFFFFFFFFFFFFFFFFFFFFFFFFFFFFF48
:20984000FFFFFFFFFFFFFFFFFFFFFFFFFFFFFFFFFFFFFFFFFFFFFFFFFFFFFFFFFFFFFFFF28
:20986000FFFFFFFFFFFFFFFFFFFFFFFFFFFFFFFFFFFFFFFFFFFFFFFFFFFFFFFFFFFFFFFF08
:20988000FFFFFFFFFFFFFFFFFFFFFFFFFFFFFFFFFFFFFFFFFFFFFFFFFFFFFFFFFFFFFFFFE8
:2098A000FFFFFFFFFFFFFFFFFFFFFFFFFFFFFFFFFFFFFFFFFFFFFFFFFFFFFFFFFFFFFFFFC8
:2098C000FFFFFFFFFFFFFFFFFFFFFFFFFFFFFFFFFFFFFFFFFFFFFFFFFFFFFFFFFFFFFFFFA8
:2098E000FFFFFFFFFFFFFFFFFFFFFFFFFFFFFFFFFFFFFFFFFFFFFFFFFFFFFFFFFFFFFFFF88
:20990000FFFFFFFFFFFFFFFFFFFFFFFFFFFFFFFFFFFFFFFFFFFFFFFFFFFFFFFFFFFFFFFF67
:20992000FFFFFFFFFFFFFFFFFFFFFFFFFFFFFFFFFFFFFFFFFFFFFFFFFFFFFFFFFFFFFFFF47
:20994000FFFFFFFFFFFFFFFFFFFFFFFFFFFFFFFFFFFFFFFFFFFFFFFFFFFFFFFFFFFFFFFF27
:20996000FFFFFFFFFFFFFFFFFFFFFFFFFFFFFFFFFFFFFFFFFFFFFFFFFFFFFFFFFFFFFFFF07
:20998000FFFFFFFFFFFFFFFFFFFFFFFFFFFFFFFFFFFFFFFFFFFFFFFFFFFFFFFFFFFFFFFFE7
:2099A000FFFFFFFFFFFFFFFFFFFFFFFFFFFFFFFFFFFFFFFFFFFFFFFFFFFFFFFFFFFFFFFFC7
:2099C000FFFFFFFFFFFFFFFFFFFFFFFFFFFFFFFFFFFFFFFFFFFFFFFFFFFFFFFFFFFFFFFFA7
:2099E000FFFFFFFFFFFFFFFFFFFFFFFFFFFFFFFFFFFFFFFFFFFFFFFFFFFFFFFFFFFFFFFF87
:209A0000FFFFFFFFFFFFFFFFFFFFFFFFFFFFFFFFFFFFFFFFFFFFFFFFFFFFFFFFFFFFFFFF66
:209A2000FFFFFFFFFFFFFFFFFFFFFFFFFFFFFFFFFFFFFFFFFFFFFFFFFFFFFFFFFFFFFFFF46
:209A4000FFFFFFFFFFFFFFFFFFFFFFFFFFFFFFFFFFFFFFFFFFFFFFFFFFFFFFFFFFFFFFFF26
:209A6000FFFFFFFFFFFFFFFFFFFFFFFFFFFFFFFFFFFFFFFFFFFFFFFFFFFFFFFFFFFFFFFF06
:209A8000FFFFFFFFFFFFFFFFFFFFFFFFFFFFFFFFFFFFFFFFFFFFFFFFFFFFFFFFFFFFFFFFE6
:209AA000FFFFFFFFFFFFFFFFFFFFFFFFFFFFFFFFFFFFFFFFFFFFFFFFFFFFFFFFFFFFFFFFC6
:209AC000FFFFFFFFFFFFFFFFFFFFFFFFFFFFFFFFFFFFFFFFFFFFFFFFFFFFFFFFFFFFFFFFA6
:209AE000FFFFFFFFFFFFFFFFFFFFFFFFFFFFFFFFFFFFFFFFFFFFFFFFFFFFFFFFFFFFFFFF86
:209B0000FFFFFFFFFFFFFFFFFFFFFFFFFFFFFFFFFFFFFFFFFFFFFFFFFFFFFFFFFFFFFFFF65
:209B2000FFFFFFFFFFFFFFFFFFFFFFFFFFFFFFFFFFFFFFFFFFFFFFFFFFFFFFFFFFFFFFFF45
:209B4000FFFFFFFFFFFFFFFFFFFFFFFFFFFFFFFFFFFFFFFFFFFFFFFFFFFFFFFFFFFFFFFF25
:209B6000FFFFFFFFFFFFFFFFFFFFFFFFFFFFFFFFFFFFFFFFFFFFFFFFFFFFFFFFFFFFFFFF05
:209B8000FFFFFFFFFFFFFFFFFFFFFFFFFFFFFFFFFFFFFFFFFFFFFFFFFFFFFFFFFFFFFFFFE5
:209BA000FFFFFFFFFFFFFFFFFFFFFFFFFFFFFFFFFFFFFFFFFFFFFFFFFFFFFFFFFFFFFFFFC5
:209BC000FFFFFFFFFFFFFFFFFFFFFFFFFFFFFFFFFFFFFFFFFFFFFFFFFFFFFFFFFFFFFFFFA5
:209BE000FFFFFFFFFFFFFFFFFFFFFFFFFFFFFFFFFFFFFFFFFFFFFFFFFFFFFFFFFFFFFFFF85
:209C0000FFFFFFFFFFFFFFFFFFFFFFFFFFFFFFFFFFFFFFFFFFFFFFFFFFFFFFFFFFFFFFFF64
:209C2000FFFFFFFFFFFFFFFFFFFFFFFFFFFFFFFFFFFFFFFFFFFFFFFFFFFFFFFFFFFFFFFF44
:209C4000FFFFFFFFFFFFFFFFFFFFFFFFFFFFFFFFFFFFFFFFFFFFFFFFFFFFFFFFFFFFFFFF24
:209C6000FFFFFFFFFFFFFFFFFFFFFFFFFFFFFFFFFFFFFFFFFFFFFFFFFFFFFFFFFFFFFFFF04
:209C8000FFFFFFFFFFFFFFFFFFFFFFFFFFFFFFFFFFFFFFFFFFFFFFFFFFFFFFFFFFFFFFFFE4
:209CA000FFFFFFFFFFFFFFFFFFFFFFFFFFFFFFFFFFFFFFFFFFFFFFFFFFFFFFFFFFFFFFFFC4
:209CC000FFFFFFFFFFFFFFFFFFFFFFFFFFFFFFFFFFFFFFFFFFFFFFFFFFFFFFFFFFFFFFFFA4
:209CE000FFFFFFFFFFFFFFFFFFFFFFFFFFFFFFFFFFFFFFFFFFFFFFFFFFFFFFFFFFFFFFFF84
:209D0000FFFFFFFFFFFFFFFFFFFFFFFFFFFFFFFFFFFFFFFFFFFFFFFFFFFFFFFFFFFFFFFF63
:209D2000FFFFFFFFFFFFFFFFFFFFFFFFFFFFFFFFFFFFFFFFFFFFFFFFFFFFFFFFFFFFFFFF43
:209D4000FFFFFFFFFFFFFFFFFFFFFFFFFFFFFFFFFFFFFFFFFFFFFFFFFFFFFFFFFFFFFFFF23
:209D6000FFFFFFFFFFFFFFFFFFFFFFFFFFFFFFFFFFFFFFFFFFFFFFFFFFFFFFFFFFFFFFFF03
:209D8000FFFFFFFFFFFFFFFFFFFFFFFFFFFFFFFFFFFFFFFFFFFFFFFFFFFFFFFFFFFFFFFFE3
:209DA000FFFFFFFFFFFFFFFFFFFFFFFFFFFFFFFFFFFFFFFFFFFFFFFFFFFFFFFFFFFFFFFFC3
:209DC000FFFFFFFFFFFFFFFFFFFFFFFFFFFFFFFFFFFFFFFFFFFFFFFFFFFFFFFFFFFFFFFFA3
:209DE000FFFFFFFFFFFFFFFFFFFFFFFFFFFFFFFFFFFFFFFFFFFFFFFFFFFFFFFFFFFFFFFF83
:209E0000FFFFFFFFFFFFFFFFFFFFFFFFFFFFFFFFFFFFFFFFFFFFFFFFFFFFFFFFFFFFFFFF62
:209E2000FFFFFFFFFFFFFFFFFFFFFFFFFFFFFFFFFFFFFFFFFFFFFFFFFFFFFFFFFFFFFFFF42
:209E4000FFFFFFFFFFFFFFFFFFFFFFFFFFFFFFFFFFFFFFFFFFFFFFFFFFFFFFFFFFFFFFFF22
:209E6000FFFFFFFFFFFFFFFFFFFFFFFFFFFFFFFFFFFFFFFFFFFFFFFFFFFFFFFFFFFFFFFF02
:209E8000FFFFFFFFFFFFFFFFFFFFFFFFFFFFFFFFFFFFFFFFFFFFFFFFFFFFFFFFFFFFFFFFE2
:209EA000FFFFFFFFFFFFFFFFFFFFFFFFFFFFFFFFFFFFFFFFFFFFFFFFFFFFFFFFFFFFFFFFC2
:209EC000FFFFFFFFFFFFFFFFFFFFFFFFFFFFFFFFFFFFFFFFFFFFFFFFFFFFFFFFFFFFFFFFA2
:209EE000FFFFFFFFFFFFFFFFFFFFFFFFFFFFFFFFFFFFFFFFFFFFFFFFFFFFFFFFFFFFFFFF82
:209F0000FFFFFFFFFFFFFFFFFFFFFFFFFFFFFFFFFFFFFFFFFFFFFFFFFFFFFFFFFFFFFFFF61
:209F2000FFFFFFFFFFFFFFFFFFFFFFFFFFFFFFFFFFFFFFFFFFFFFFFFFFFFFFFFFFFFFFFF41
:209F4000FFFFFFFFFFFFFFFFFFFFFFFFFFFFFFFFFFFFFFFFFFFFFFFFFFFFFFFFFFFFFFFF21
:209F6000FFFFFFFFFFFFFFFFFFFFFFFFFFFFFFFFFFFFFFFFFFFFFFFFFFFFFFFFFFFFFFFF01
:209F8000FFFFFFFFFFFFFFFFFFFFFFFFFFFFFFFFFFFFFFFFFFFFFFFFFFFFFFFFFFFFFFFFE1
:209FA000FFFFFFFFFFFFFFFFFFFFFFFFFFFFFFFFFFFFFFFFFFFFFFFFFFFFFFFFFFFFFFFFC1
:209FC000FFFFFFFFFFFFFFFFFFFFFFFFFFFFFFFFFFFFFFFFFFFFFFFFFFFFFFFFFFFFFFFFA1
:209FE000FFFFFFFFFFFFFFFFFFFFFFFFFFFFFFFFFFFFFFFFFFFFFFFFFFFFFFFFFFFFFFFF81
:20A00000FFFFFFFFFFFFFFFFFFFFFFFFFFFFFFFFFFFFFFFFFFFFFFFFFFFFFFFFFFFFFFFF60
:20A02000FFFFFFFFFFFFFFFFFFFFFFFFFFFFFFFFFFFFFFFFFFFFFFFFFFFFFFFFFFFFFFFF40
:20A04000FFFFFFFFFFFFFFFFFFFFFFFFFFFFFFFFFFFFFFFFFFFFFFFFFFFFFFFFFFFFFFFF20
:20A06000FFFFFFFFFFFFFFFFFFFFFFFFFFFFFFFFFFFFFFFFFFFFFFFFFFFFFFFFFFFFFFFF00
:20A08000FFFFFFFFFFFFFFFFFFFFFFFFFFFFFFFFFFFFFFFFFFFFFFFFFFFFFFFFFFFFFFFFE0
:20A0A000FFFFFFFFFFFFFFFFFFFFFFFFFFFFFFFFFFFFFFFFFFFFFFFFFFFFFFFFFFFFFFFFC0
:20A0C000FFFFFFFFFFFFFFFFFFFFFFFFFFFFFFFFFFFFFFFFFFFFFFFFFFFFFFFFFFFFFFFFA0
:20A0E000FFFFFFFFFFFFFFFFFFFFFFFFFFFFFFFFFFFFFFFFFFFFFFFFFFFFFFFFFFFFFFFF80
:20A10000FFFFFFFFFFFFFFFFFFFFFFFFFFFFFFFFFFFFFFFFFFFFFFFFFFFFFFFFFFFFFFFF5F
:20A12000FFFFFFFFFFFFFFFFFFFFFFFFFFFFFFFFFFFFFFFFFFFFFFFFFFFFFFFFFFFFFFFF3F
:20A14000FFFFFFFFFFFFFFFFFFFFFFFFFFFFFFFFFFFFFFFFFFFFFFFFFFFFFFFFFFFFFFFF1F
:20A16000FFFFFFFFFFFFFFFFFFFFFFFFFFFFFFFFFFFFFFFFFFFFFFFFFFFFFFFFFFFFFFFFFF
:20A18000FFFFFFFFFFFFFFFFFFFFFFFFFFFFFFFFFFFFFFFFFFFFFFFFFFFFFFFFFFFFFFFFDF
:20A1A000FFFFFFFFFFFFFFFFFFFFFFFFFFFFFFFFFFFFFFFFFFFFFFFFFFFFFFFFFFFFFFFFBF
:20A1C000FFFFFFFFFFFFFFFFFFFFFFFFFFFFFFFFFFFFFFFFFFFFFFFFFFFFFFFFFFFFFFFF9F
:20A1E000FFFFFFFFFFFFFFFFFFFFFFFFFFFFFFFFFFFFFFFFFFFFFFFFFFFFFFFFFFFFFFFF7F
:20A20000FFFFFFFFFFFFFFFFFFFFFFFFFFFFFFFFFFFFFFFFFFFFFFFFFFFFFFFFFFFFFFFF5E
:20A22000FFFFFFFFFFFFFFFFFFFFFFFFFFFFFFFFFFFFFFFFFFFFFFFFFFFFFFFFFFFFFFFF3E
:20A24000FFFFFFFFFFFFFFFFFFFFFFFFFFFFFFFFFFFFFFFFFFFFFFFFFFFFFFFFFFFFFFFF1E
:20A26000FFFFFFFFFFFFFFFFFFFFFFFFFFFFFFFFFFFFFFFFFFFFFFFFFFFFFFFFFFFFFFFFFE
:20A28000FFFFFFFFFFFFFFFFFFFFFFFFFFFFFFFFFFFFFFFFFFFFFFFFFFFFFFFFFFFFFFFFDE
:20A2A000FFFFFFFFFFFFFFFFFFFFFFFFFFFFFFFFFFFFFFFFFFFFFFFFFFFFFFFFFFFFFFFFBE
:20A2C000FFFFFFFFFFFFFFFFFFFFFFFFFFFFFFFFFFFFFFFFFFFFFFFFFFFFFFFFFFFFFFFF9E
:20A2E000FFFFFFFFFFFFFFFFFFFFFFFFFFFFFFFFFFFFFFFFFFFFFFFFFFFFFFFFFFFFFFFF7E
:20A30000FFFFFFFFFFFFFFFFFFFFFFFFFFFFFFFFFFFFFFFFFFFFFFFFFFFFFFFFFFFFFFFF5D
:20A32000FFFFFFFFFFFFFFFFFFFFFFFFFFFFFFFFFFFFFFFFFFFFFFFFFFFFFFFFFFFFFFFF3D
:20A34000FFFFFFFFFFFFFFFFFFFFFFFFFFFFFFFFFFFFFFFFFFFFFFFFFFFFFFFFFFFFFFFF1D
:20A36000FFFFFFFFFFFFFFFFFFFFFFFFFFFFFFFFFFFFFFFFFFFFFFFFFFFFFFFFFFFFFFFFFD
:20A38000FFFFFFFFFFFFFFFFFFFFFFFFFFFFFFFFFFFFFFFFFFFFFFFFFFFFFFFFFFFFFFFFDD
:20A3A000FFFFFFFFFFFFFFFFFFFFFFFFFFFFFFFFFFFFFFFFFFFFFFFFFFFFFFFFFFFFFFFFBD
:20A3C000FFFFFFFFFFFFFFFFFFFFFFFFFFFFFFFFFFFFFFFFFFFFFFFFFFFFFFFFFFFFFFFF9D
:20A3E000FFFFFFFFFFFFFFFFFFFFFFFFFFFFFFFFFFFFFFFFFFFFFFFFFFFFFFFFFFFFFFFF7D
:20A40000FFFFFFFFFFFFFFFFFFFFFFFFFFFFFFFFFFFFFFFFFFFFFFFFFFFFFFFFFFFFFFFF5C
:20A42000FFFFFFFFFFFFFFFFFFFFFFFFFFFFFFFFFFFFFFFFFFFFFFFFFFFFFFFFFFFFFFFF3C
:20A44000FFFFFFFFFFFFFFFFFFFFFFFFFFFFFFFFFFFFFFFFFFFFFFFFFFFFFFFFFFFFFFFF1C
:20A46000FFFFFFFFFFFFFFFFFFFFFFFFFFFFFFFFFFFFFFFFFFFFFFFFFFFFFFFFFFFFFFFFFC
:20A48000FFFFFFFFFFFFFFFFFFFFFFFFFFFFFFFFFFFFFFFFFFFFFFFFFFFFFFFFFFFFFFFFDC
:20A4A000FFFFFFFFFFFFFFFFFFFFFFFFFFFFFFFFFFFFFFFFFFFFFFFFFFFFFFFFFFFFFFFFBC
:20A4C000FFFFFFFFFFFFFFFFFFFFFFFFFFFFFFFFFFFFFFFFFFFFFFFFFFFFFFFFFFFFFFFF9C
:20A4E000FFFFFFFFFFFFFFFFFFFFFFFFFFFFFFFFFFFFFFFFFFFFFFFFFFFFFFFFFFFFFFFF7C
:20A50000FFFFFFFFFFFFFFFFFFFFFFFFFFFFFFFFFFFFFFFFFFFFFFFFFFFFFFFFFFFFFFFF5B
:20A52000FFFFFFFFFFFFFFFFFFFFFFFFFFFFFFFFFFFFFFFFFFFFFFFFFFFFFFFFFFFFFFFF3B
:20A54000FFFFFFFFFFFFFFFFFFFFFFFFFFFFFFFFFFFFFFFFFFFFFFFFFFFFFFFFFFFFFFFF1B
:20A56000FFFFFFFFFFFFFFFFFFFFFFFFFFFFFFFFFFFFFFFFFFFFFFFFFFFFFFFFFFFFFFFFFB
:20A58000FFFFFFFFFFFFFFFFFFFFFFFFFFFFFFFFFFFFFFFFFFFFFFFFFFFFFFFFFFFFFFFFDB
:20A5A000FFFFFFFFFFFFFFFFFFFFFFFFFFFFFFFFFFFFFFFFFFFFFFFFFFFFFFFFFFFFFFFFBB
:20A5C000FFFFFFFFFFFFFFFFFFFFFFFFFFFFFFFFFFFFFFFFFFFFFFFFFFFFFFFFFFFFFFFF9B
:20A5E000FFFFFFFFFFFFFFFFFFFFFFFFFFFFFFFFFFFFFFFFFFFFFFFFFFFFFFFFFFFFFFFF7B
:20A60000FFFFFFFFFFFFFFFFFFFFFFFFFFFFFFFFFFFFFFFFFFFFFFFFFFFFFFFFFFFFFFFF5A
:20A62000FFFFFFFFFFFFFFFFFFFFFFFFFFFFFFFFFFFFFFFFFFFFFFFFFFFFFFFFFFFFFFFF3A
:20A64000FFFFFFFFFFFFFFFFFFFFFFFFFFFFFFFFFFFFFFFFFFFFFFFFFFFFFFFFFFFFFFFF1A
:20A66000FFFFFFFFFFFFFFFFFFFFFFFFFFFFFFFFFFFFFFFFFFFFFFFFFFFFFFFFFFFFFFFFFA
:20A68000FFFFFFFFFFFFFFFFFFFFFFFFFFFFFFFFFFFFFFFFFFFFFFFFFFFFFFFFFFFFFFFFDA
:20A6A000FFFFFFFFFFFFFFFFFFFFFFFFFFFFFFFFFFFFFFFFFFFFFFFFFFFFFFFFFFFFFFFFBA
:20A6C000FFFFFFFFFFFFFFFFFFFFFFFFFFFFFFFFFFFFFFFFFFFFFFFFFFFFFFFFFFFFFFFF9A
:20A6E000FFFFFFFFFFFFFFFFFFFFFFFFFFFFFFFFFFFFFFFFFFFFFFFFFFFFFFFFFFFFFFFF7A
:20A70000FFFFFFFFFFFFFFFFFFFFFFFFFFFFFFFFFFFFFFFFFFFFFFFFFFFFFFFFFFFFFFFF59
:20A72000FFFFFFFFFFFFFFFFFFFFFFFFFFFFFFFFFFFFFFFFFFFFFFFFFFFFFFFFFFFFFFFF39
:20A74000FFFFFFFFFFFFFFFFFFFFFFFFFFFFFFFFFFFFFFFFFFFFFFFFFFFFFFFFFFFFFFFF19
:20A76000FFFFFFFFFFFFFFFFFFFFFFFFFFFFFFFFFFFFFFFFFFFFFFFFFFFFFFFFFFFFFFFFF9
:20A78000FFFFFFFFFFFFFFFFFFFFFFFFFFFFFFFFFFFFFFFFFFFFFFFFFFFFFFFFFFFFFFFFD9
:20A7A000FFFFFFFFFFFFFFFFFFFFFFFFFFFFFFFFFFFFFFFFFFFFFFFFFFFFFFFFFFFFFFFFB9
:20A7C000FFFFFFFFFFFFFFFFFFFFFFFFFFFFFFFFFFFFFFFFFFFFFFFFFFFFFFFFFFFFFFFF99
:20A7E000FFFFFFFFFFFFFFFFFFFFFFFFFFFFFFFFFFFFFFFFFFFFFFFFFFFFFFFFFFFFFFFF79
:20A80000FFFFFFFFFFFFFFFFFFFFFFFFFFFFFFFFFFFFFFFFFFFFFFFFFFFFFFFFFFFFFFFF58
:20A82000FFFFFFFFFFFFFFFFFFFFFFFFFFFFFFFFFFFFFFFFFFFFFFFFFFFFFFFFFFFFFFFF38
:20A84000FFFFFFFFFFFFFFFFFFFFFFFFFFFFFFFFFFFFFFFFFFFFFFFFFFFFFFFFFFFFFFFF18
:20A86000FFFFFFFFFFFFFFFFFFFFFFFFFFFFFFFFFFFFFFFFFFFFFFFFFFFFFFFFFFFFFFFFF8
:20A88000FFFFFFFFFFFFFFFFFFFFFFFFFFFFFFFFFFFFFFFFFFFFFFFFFFFFFFFFFFFFFFFFD8
:20A8A000FFFFFFFFFFFFFFFFFFFFFFFFFFFFFFFFFFFFFFFFFFFFFFFFFFFFFFFFFFFFFFFFB8
:20A8C000FFFFFFFFFFFFFFFFFFFFFFFFFFFFFFFFFFFFFFFFFFFFFFFFFFFFFFFFFFFFFFFF98
:20A8E000FFFFFFFFFFFFFFFFFFFFFFFFFFFFFFFFFFFFFFFFFFFFFFFFFFFFFFFFFFFFFFFF78
:20A90000FFFFFFFFFFFFFFFFFFFFFFFFFFFFFFFFFFFFFFFFFFFFFFFFFFFFFFFFFFFFFFFF57
:20A92000FFFFFFFFFFFFFFFFFFFFFFFFFFFFFFFFFFFFFFFFFFFFFFFFFFFFFFFFFFFFFFFF37
:20A94000FFFFFFFFFFFFFFFFFFFFFFFFFFFFFFFFFFFFFFFFFFFFFFFFFFFFFFFFFFFFFFFF17
:20A96000FFFFFFFFFFFFFFFFFFFFFFFFFFFFFFFFFFFFFFFFFFFFFFFFFFFFFFFFFFFFFFFFF7
:20A98000FFFFFFFFFFFFFFFFFFFFFFFFFFFFFFFFFFFFFFFFFFFFFFFFFFFFFFFFFFFFFFFFD7
:20A9A000FFFFFFFFFFFFFFFFFFFFFFFFFFFFFFFFFFFFFFFFFFFFFFFFFFFFFFFFFFFFFFFFB7
:20A9C000FFFFFFFFFFFFFFFFFFFFFFFFFFFFFFFFFFFFFFFFFFFFFFFFFFFFFFFFFFFFFFFF97
:20A9E000FFFFFFFFFFFFFFFFFFFFFFFFFFFFFFFFFFFFFFFFFFFFFFFFFFFFFFFFFFFFFFFF77
:20AA0000FFFFFFFFFFFFFFFFFFFFFFFFFFFFFFFFFFFFFFFFFFFFFFFFFFFFFFFFFFFFFFFF56
:20AA2000FFFFFFFFFFFFFFFFFFFFFFFFFFFFFFFFFFFFFFFFFFFFFFFFFFFFFFFFFFFFFFFF36
:20AA4000FFFFFFFFFFFFFFFFFFFFFFFFFFFFFFFFFFFFFFFFFFFFFFFFFFFFFFFFFFFFFFFF16
:20AA6000FFFFFFFFFFFFFFFFFFFFFFFFFFFFFFFFFFFFFFFFFFFFFFFFFFFFFFFFFFFFFFFFF6
:20AA8000FFFFFFFFFFFFFFFFFFFFFFFFFFFFFFFFFFFFFFFFFFFFFFFFFFFFFFFFFFFFFFFFD6
:20AAA000FFFFFFFFFFFFFFFFFFFFFFFFFFFFFFFFFFFFFFFFFFFFFFFFFFFFFFFFFFFFFFFFB6
:20AAC000FFFFFFFFFFFFFFFFFFFFFFFFFFFFFFFFFFFFFFFFFFFFFFFFFFFFFFFFFFFFFFFF96
:20AAE000FFFFFFFFFFFFFFFFFFFFFFFFFFFFFFFFFFFFFFFFFFFFFFFFFFFFFFFFFFFFFFFF76
:20AB0000FFFFFFFFFFFFFFFFFFFFFFFFFFFFFFFFFFFFFFFFFFFFFFFFFFFFFFFFFFFFFFFF55
:20AB2000FFFFFFFFFFFFFFFFFFFFFFFFFFFFFFFFFFFFFFFFFFFFFFFFFFFFFFFFFFFFFFFF35
:20AB4000FFFFFFFFFFFFFFFFFFFFFFFFFFFFFFFFFFFFFFFFFFFFFFFFFFFFFFFFFFFFFFFF15
:20AB6000FFFFFFFFFFFFFFFFFFFFFFFFFFFFFFFFFFFFFFFFFFFFFFFFFFFFFFFFFFFFFFFFF5
:20AB8000FFFFFFFFFFFFFFFFFFFFFFFFFFFFFFFFFFFFFFFFFFFFFFFFFFFFFFFFFFFFFFFFD5
:20ABA000FFFFFFFFFFFFFFFFFFFFFFFFFFFFFFFFFFFFFFFFFFFFFFFFFFFFFFFFFFFFFFFFB5
:20ABC000FFFFFFFFFFFFFFFFFFFFFFFFFFFFFFFFFFFFFFFFFFFFFFFFFFFFFFFFFFFFFFFF95
:20ABE000FFFFFFFFFFFFFFFFFFFFFFFFFFFFFFFFFFFFFFFFFFFFFFFFFFFFFFFFFFFFFFFF75
:20AC0000FFFFFFFFFFFFFFFFFFFFFFFFFFFFFFFFFFFFFFFFFFFFFFFFFFFFFFFFFFFFFFFF54
:20AC2000FFFFFFFFFFFFFFFFFFFFFFFFFFFFFFFFFFFFFFFFFFFFFFFFFFFFFFFFFFFFFFFF34
:20AC4000FFFFFFFFFFFFFFFFFFFFFFFFFFFFFFFFFFFFFFFFFFFFFFFFFFFFFFFFFFFFFFFF14
:20AC6000FFFFFFFFFFFFFFFFFFFFFFFFFFFFFFFFFFFFFFFFFFFFFFFFFFFFFFFFFFFFFFFFF4
:20AC8000FFFFFFFFFFFFFFFFFFFFFFFFFFFFFFFFFFFFFFFFFFFFFFFFFFFFFFFFFFFFFFFFD4
:20ACA000FFFFFFFFFFFFFFFFFFFFFFFFFFFFFFFFFFFFFFFFFFFFFFFFFFFFFFFFFFFFFFFFB4
:20ACC000FFFFFFFFFFFFFFFFFFFFFFFFFFFFFFFFFFFFFFFFFFFFFFFFFFFFFFFFFFFFFFFF94
:20ACE000FFFFFFFFFFFFFFFFFFFFFFFFFFFFFFFFFFFFFFFFFFFFFFFFFFFFFFFFFFFFFFFF74
:20AD0000FFFFFFFFFFFFFFFFFFFFFFFFFFFFFFFFFFFFFFFFFFFFFFFFFFFFFFFFFFFFFFFF53
:20AD2000FFFFFFFFFFFFFFFFFFFFFFFFFFFFFFFFFFFFFFFFFFFFFFFFFFFFFFFFFFFFFFFF33
:20AD4000FFFFFFFFFFFFFFFFFFFFFFFFFFFFFFFFFFFFFFFFFFFFFFFFFFFFFFFFFFFFFFFF13
:20AD6000FFFFFFFFFFFFFFFFFFFFFFFFFFFFFFFFFFFFFFFFFFFFFFFFFFFFFFFFFFFFFFFFF3
:20AD8000FFFFFFFFFFFFFFFFFFFFFFFFFFFFFFFFFFFFFFFFFFFFFFFFFFFFFFFFFFFFFFFFD3
:20ADA000FFFFFFFFFFFFFFFFFFFFFFFFFFFFFFFFFFFFFFFFFFFFFFFFFFFFFFFFFFFFFFFFB3
:20ADC000FFFFFFFFFFFFFFFFFFFFFFFFFFFFFFFFFFFFFFFFFFFFFFFFFFFFFFFFFFFFFFFF93
:20ADE000FFFFFFFFFFFFFFFFFFFFFFFFFFFFFFFFFFFFFFFFFFFFFFFFFFFFFFFFFFFFFFFF73
:20AE0000FFFFFFFFFFFFFFFFFFFFFFFFFFFFFFFFFFFFFFFFFFFFFFFFFFFFFFFFFFFFFFFF52
:20AE2000FFFFFFFFFFFFFFFFFFFFFFFFFFFFFFFFFFFFFFFFFFFFFFFFFFFFFFFFFFFFFFFF32
:20AE4000FFFFFFFFFFFFFFFFFFFFFFFFFFFFFFFFFFFFFFFFFFFFFFFFFFFFFFFFFFFFFFFF12
:20AE6000FFFFFFFFFFFFFFFFFFFFFFFFFFFFFFFFFFFFFFFFFFFFFFFFFFFFFFFFFFFFFFFFF2
:20AE8000FFFFFFFFFFFFFFFFFFFFFFFFFFFFFFFFFFFFFFFFFFFFFFFFFFFFFFFFFFFFFFFFD2
:20AEA000FFFFFFFFFFFFFFFFFFFFFFFFFFFFFFFFFFFFFFFFFFFFFFFFFFFFFFFFFFFFFFFFB2
:20AEC000FFFFFFFFFFFFFFFFFFFFFFFFFFFFFFFFFFFFFFFFFFFFFFFFFFFFFFFFFFFFFFFF92
:20AEE000FFFFFFFFFFFFFFFFFFFFFFFFFFFFFFFFFFFFFFFFFFFFFFFFFFFFFFFFFFFFFFFF72
:20AF0000FFFFFFFFFFFFFFFFFFFFFFFFFFFFFFFFFFFFFFFFFFFFFFFFFFFFFFFFFFFFFFFF51
:20AF2000FFFFFFFFFFFFFFFFFFFFFFFFFFFFFFFFFFFFFFFFFFFFFFFFFFFFFFFFFFFFFFFF31
:20AF4000FFFFFFFFFFFFFFFFFFFFFFFFFFFFFFFFFFFFFFFFFFFFFFFFFFFFFFFFFFFFFFFF11
:20AF6000FFFFFFFFFFFFFFFFFFFFFFFFFFFFFFFFFFFFFFFFFFFFFFFFFFFFFFFFFFFFFFFFF1
:20AF8000FFFFFFFFFFFFFFFFFFFFFFFFFFFFFFFFFFFFFFFFFFFFFFFFFFFFFFFFFFFFFFFFD1
:20AFA000FFFFFFFFFFFFFFFFFFFFFFFFFFFFFFFFFFFFFFFFFFFFFFFFFFFFFFFFFFFFFFFFB1
:20AFC000FFFFFFFFFFFFFFFFFFFFFFFFFFFFFFFFFFFFFFFFFFFFFFFFFFFFFFFFFFFFFFFF91
:20AFE000FFFFFFFFFFFFFFFFFFFFFFFFFFFFFFFFFFFFFFFFFFFFFFFFFFFFFFFFFFFFFFFF71
:20B00000FFFFFFFFFFFFFFFFFFFFFFFFFFFFFFFFFFFFFFFFFFFFFFFFFFFFFFFFFFFFFFFF50
:20B02000FFFFFFFFFFFFFFFFFFFFFFFFFFFFFFFFFFFFFFFFFFFFFFFFFFFFFFFFFFFFFFFF30
:20B04000FFFFFFFFFFFFFFFFFFFFFFFFFFFFFFFFFFFFFFFFFFFFFFFFFFFFFFFFFFFFFFFF10
:20B06000FFFFFFFFFFFFFFFFFFFFFFFFFFFFFFFFFFFFFFFFFFFFFFFFFFFFFFFFFFFFFFFFF0
:20B08000FFFFFFFFFFFFFFFFFFFFFFFFFFFFFFFFFFFFFFFFFFFFFFFFFFFFFFFFFFFFFFFFD0
:20B0A000FFFFFFFFFFFFFFFFFFFFFFFFFFFFFFFFFFFFFFFFFFFFFFFFFFFFFFFFFFFFFFFFB0
:20B0C000FFFFFFFFFFFFFFFFFFFFFFFFFFFFFFFFFFFFFFFFFFFFFFFFFFFFFFFFFFFFFFFF90
:20B0E000FFFFFFFFFFFFFFFFFFFFFFFFFFFFFFFFFFFFFFFFFFFFFFFFFFFFFFFFFFFFFFFF70
:20B10000FFFFFFFFFFFFFFFFFFFFFFFFFFFFFFFFFFFFFFFFFFFFFFFFFFFFFFFFFFFFFFFF4F
:20B12000FFFFFFFFFFFFFFFFFFFFFFFFFFFFFFFFFFFFFFFFFFFFFFFFFFFFFFFFFFFFFFFF2F
:20B14000FFFFFFFFFFFFFFFFFFFFFFFFFFFFFFFFFFFFFFFFFFFFFFFFFFFFFFFFFFFFFFFF0F
:20B16000FFFFFFFFFFFFFFFFFFFFFFFFFFFFFFFFFFFFFFFFFFFFFFFFFFFFFFFFFFFFFFFFEF
:20B18000FFFFFFFFFFFFFFFFFFFFFFFFFFFFFFFFFFFFFFFFFFFFFFFFFFFFFFFFFFFFFFFFCF
:20B1A000FFFFFFFFFFFFFFFFFFFFFFFFFFFFFFFFFFFFFFFFFFFFFFFFFFFFFFFFFFFFFFFFAF
:20B1C000FFFFFFFFFFFFFFFFFFFFFFFFFFFFFFFFFFFFFFFFFFFFFFFFFFFFFFFFFFFFFFFF8F
:20B1E000FFFFFFFFFFFFFFFFFFFFFFFFFFFFFFFFFFFFFFFFFFFFFFFFFFFFFFFFFFFFFFFF6F
:20B20000FFFFFFFFFFFFFFFFFFFFFFFFFFFFFFFFFFFFFFFFFFFFFFFFFFFFFFFFFFFFFFFF4E
:20B22000FFFFFFFFFFFFFFFFFFFFFFFFFFFFFFFFFFFFFFFFFFFFFFFFFFFFFFFFFFFFFFFF2E
:20B24000FFFFFFFFFFFFFFFFFFFFFFFFFFFFFFFFFFFFFFFFFFFFFFFFFFFFFFFFFFFFFFFF0E
:20B26000FFFFFFFFFFFFFFFFFFFFFFFFFFFFFFFFFFFFFFFFFFFFFFFFFFFFFFFFFFFFFFFFEE
:20B28000FFFFFFFFFFFFFFFFFFFFFFFFFFFFFFFFFFFFFFFFFFFFFFFFFFFFFFFFFFFFFFFFCE
:20B2A000FFFFFFFFFFFFFFFFFFFFFFFFFFFFFFFFFFFFFFFFFFFFFFFFFFFFFFFFFFFFFFFFAE
:20B2C000FFFFFFFFFFFFFFFFFFFFFFFFFFFFFFFFFFFFFFFFFFFFFFFFFFFFFFFFFFFFFFFF8E
:20B2E000FFFFFFFFFFFFFFFFFFFFFFFFFFFFFFFFFFFFFFFFFFFFFFFFFFFFFFFFFFFFFFFF6E
:20B30000FFFFFFFFFFFFFFFFFFFFFFFFFFFFFFFFFFFFFFFFFFFFFFFFFFFFFFFFFFFFFFFF4D
:20B32000FFFFFFFFFFFFFFFFFFFFFFFFFFFFFFFFFFFFFFFFFFFFFFFFFFFFFFFFFFFFFFFF2D
:20B34000FFFFFFFFFFFFFFFFFFFFFFFFFFFFFFFFFFFFFFFFFFFFFFFFFFFFFFFFFFFFFFFF0D
:20B36000FFFFFFFFFFFFFFFFFFFFFFFFFFFFFFFFFFFFFFFFFFFFFFFFFFFFFFFFFFFFFFFFED
:20B38000FFFFFFFFFFFFFFFFFFFFFFFFFFFFFFFFFFFFFFFFFFFFFFFFFFFFFFFFFFFFFFFFCD
:20B3A000FFFFFFFFFFFFFFFFFFFFFFFFFFFFFFFFFFFFFFFFFFFFFFFFFFFFFFFFFFFFFFFFAD
:20B3C000FFFFFFFFFFFFFFFFFFFFFFFFFFFFFFFFFFFFFFFFFFFFFFFFFFFFFFFFFFFFFFFF8D
:20B3E000FFFFFFFFFFFFFFFFFFFFFFFFFFFFFFFFFFFFFFFFFFFFFFFFFFFFFFFFFFFFFFFF6D
:20B40000FFFFFFFFFFFFFFFFFFFFFFFFFFFFFFFFFFFFFFFFFFFFFFFFFFFFFFFFFFFFFFFF4C
:20B42000FFFFFFFFFFFFFFFFFFFFFFFFFFFFFFFFFFFFFFFFFFFFFFFFFFFFFFFFFFFFFFFF2C
:20B44000FFFFFFFFFFFFFFFFFFFFFFFFFFFFFFFFFFFFFFFFFFFFFFFFFFFFFFFFFFFFFFFF0C
:20B46000FFFFFFFFFFFFFFFFFFFFFFFFFFFFFFFFFFFFFFFFFFFFFFFFFFFFFFFFFFFFFFFFEC
:20B48000FFFFFFFFFFFFFFFFFFFFFFFFFFFFFFFFFFFFFFFFFFFFFFFFFFFFFFFFFFFFFFFFCC
:20B4A000FFFFFFFFFFFFFFFFFFFFFFFFFFFFFFFFFFFFFFFFFFFFFFFFFFFFFFFFFFFFFFFFAC
:20B4C000FFFFFFFFFFFFFFFFFFFFFFFFFFFFFFFFFFFFFFFFFFFFFFFFFFFFFFFFFFFFFFFF8C
:20B4E000FFFFFFFFFFFFFFFFFFFFFFFFFFFFFFFFFFFFFFFFFFFFFFFFFFFFFFFFFFFFFFFF6C
:20B50000FFFFFFFFFFFFFFFFFFFFFFFFFFFFFFFFFFFFFFFFFFFFFFFFFFFFFFFFFFFFFFFF4B
:20B52000FFFFFFFFFFFFFFFFFFFFFFFFFFFFFFFFFFFFFFFFFFFFFFFFFFFFFFFFFFFFFFFF2B
:20B54000FFFFFFFFFFFFFFFFFFFFFFFFFFFFFFFFFFFFFFFFFFFFFFFFFFFFFFFFFFFFFFFF0B
:20B56000FFFFFFFFFFFFFFFFFFFFFFFFFFFFFFFFFFFFFFFFFFFFFFFFFFFFFFFFFFFFFFFFEB
:20B58000FFFFFFFFFFFFFFFFFFFFFFFFFFFFFFFFFFFFFFFFFFFFFFFFFFFFFFFFFFFFFFFFCB
:20B5A000FFFFFFFFFFFFFFFFFFFFFFFFFFFFFFFFFFFFFFFFFFFFFFFFFFFFFFFFFFFFFFFFAB
:20B5C000FFFFFFFFFFFFFFFFFFFFFFFFFFFFFFFFFFFFFFFFFFFFFFFFFFFFFFFFFFFFFFFF8B
:20B5E000FFFFFFFFFFFFFFFFFFFFFFFFFFFFFFFFFFFFFFFFFFFFFFFFFFFFFFFFFFFFFFFF6B
:20B60000FFFFFFFFFFFFFFFFFFFFFFFFFFFFFFFFFFFFFFFFFFFFFFFFFFFFFFFFFFFFFFFF4A
:20B62000FFFFFFFFFFFFFFFFFFFFFFFFFFFFFFFFFFFFFFFFFFFFFFFFFFFFFFFFFFFFFFFF2A
:20B64000FFFFFFFFFFFFFFFFFFFFFFFFFFFFFFFFFFFFFFFFFFFFFFFFFFFFFFFFFFFFFFFF0A
:20B66000FFFFFFFFFFFFFFFFFFFFFFFFFFFFFFFFFFFFFFFFFFFFFFFFFFFFFFFFFFFFFFFFEA
:20B68000FFFFFFFFFFFFFFFFFFFFFFFFFFFFFFFFFFFFFFFFFFFFFFFFFFFFFFFFFFFFFFFFCA
:20B6A000FFFFFFFFFFFFFFFFFFFFFFFFFFFFFFFFFFFFFFFFFFFFFFFFFFFFFFFFFFFFFFFFAA
:20B6C000FFFFFFFFFFFFFFFFFFFFFFFFFFFFFFFFFFFFFFFFFFFFFFFFFFFFFFFFFFFFFFFF8A
:20B6E000FFFFFFFFFFFFFFFFFFFFFFFFFFFFFFFFFFFFFFFFFFFFFFFFFFFFFFFFFFFFFFFF6A
:20B70000FFFFFFFFFFFFFFFFFFFFFFFFFFFFFFFFFFFFFFFFFFFFFFFFFFFFFFFFFFFFFFFF49
:20B72000FFFFFFFFFFFFFFFFFFFFFFFFFFFFFFFFFFFFFFFFFFFFFFFFFFFFFFFFFFFFFFFF29
:20B74000FFFFFFFFFFFFFFFFFFFFFFFFFFFFFFFFFFFFFFFFFFFFFFFFFFFFFFFFFFFFFFFF09
:20B76000FFFFFFFFFFFFFFFFFFFFFFFFFFFFFFFFFFFFFFFFFFFFFFFFFFFFFFFFFFFFFFFFE9
:20B78000FFFFFFFFFFFFFFFFFFFFFFFFFFFFFFFFFFFFFFFFFFFFFFFFFFFFFFFFFFFFFFFFC9
:20B7A000FFFFFFFFFFFFFFFFFFFFFFFFFFFFFFFFFFFFFFFFFFFFFFFFFFFFFFFFFFFFFFFFA9
:20B7C000FFFFFFFFFFFFFFFFFFFFFFFFFFFFFFFFFFFFFFFFFFFFFFFFFFFFFFFFFFFFFFFF89
:20B7E000FFFFFFFFFFFFFFFFFFFFFFFFFFFFFFFFFFFFFFFFFFFFFFFFFFFFFFFFFFFFFFFF69
:20B80000FFFFFFFFFFFFFFFFFFFFFFFFFFFFFFFFFFFFFFFFFFFFFFFFFFFFFFFFFFFFFFFF48
:20B82000FFFFFFFFFFFFFFFFFFFFFFFFFFFFFFFFFFFFFFFFFFFFFFFFFFFFFFFFFFFFFFFF28
:20B84000FFFFFFFFFFFFFFFFFFFFFFFFFFFFFFFFFFFFFFFFFFFFFFFFFFFFFFFFFFFFFFFF08
:20B86000FFFFFFFFFFFFFFFFFFFFFFFFFFFFFFFFFFFFFFFFFFFFFFFFFFFFFFFFFFFFFFFFE8
:20B88000FFFFFFFFFFFFFFFFFFFFFFFFFFFFFFFFFFFFFFFFFFFFFFFFFFFFFFFFFFFFFFFFC8
:20B8A000FFFFFFFFFFFFFFFFFFFFFFFFFFFFFFFFFFFFFFFFFFFFFFFFFFFFFFFFFFFFFFFFA8
:20B8C000FFFFFFFFFFFFFFFFFFFFFFFFFFFFFFFFFFFFFFFFFFFFFFFFFFFFFFFFFFFFFFFF88
:20B8E000FFFFFFFFFFFFFFFFFFFFFFFFFFFFFFFFFFFFFFFFFFFFFFFFFFFFFFFFFFFFFFFF68
:20B90000FFFFFFFFFFFFFFFFFFFFFFFFFFFFFFFFFFFFFFFFFFFFFFFFFFFFFFFFFFFFFFFF47
:20B92000FFFFFFFFFFFFFFFFFFFFFFFFFFFFFFFFFFFFFFFFFFFFFFFFFFFFFFFFFFFFFFFF27
:20B94000FFFFFFFFFFFFFFFFFFFFFFFFFFFFFFFFFFFFFFFFFFFFFFFFFFFFFFFFFFFFFFFF07
:20B96000FFFFFFFFFFFFFFFFFFFFFFFFFFFFFFFFFFFFFFFFFFFFFFFFFFFFFFFFFFFFFFFFE7
:20B98000FFFFFFFFFFFFFFFFFFFFFFFFFFFFFFFFFFFFFFFFFFFFFFFFFFFFFFFFFFFFFFFFC7
:20B9A000FFFFFFFFFFFFFFFFFFFFFFFFFFFFFFFFFFFFFFFFFFFFFFFFFFFFFFFFFFFFFFFFA7
:20B9C000FFFFFFFFFFFFFFFFFFFFFFFFFFFFFFFFFFFFFFFFFFFFFFFFFFFFFFFFFFFFFFFF87
:20B9E000FFFFFFFFFFFFFFFFFFFFFFFFFFFFFFFFFFFFFFFFFFFFFFFFFFFFFFFFFFFFFFFF67
:20BA0000FFFFFFFFFFFFFFFFFFFFFFFFFFFFFFFFFFFFFFFFFFFFFFFFFFFFFFFFFFFFFFFF46
:20BA2000FFFFFFFFFFFFFFFFFFFFFFFFFFFFFFFFFFFFFFFFFFFFFFFFFFFFFFFFFFFFFFFF26
:20BA4000FFFFFFFFFFFFFFFFFFFFFFFFFFFFFFFFFFFFFFFFFFFFFFFFFFFFFFFFFFFFFFFF06
:20BA6000FFFFFFFFFFFFFFFFFFFFFFFFFFFFFFFFFFFFFFFFFFFFFFFFFFFFFFFFFFFFFFFFE6
:20BA8000FFFFFFFFFFFFFFFFFFFFFFFFFFFFFFFFFFFFFFFFFFFFFFFFFFFFFFFFFFFFFFFFC6
:20BAA000FFFFFFFFFFFFFFFFFFFFFFFFFFFFFFFFFFFFFFFFFFFFFFFFFFFFFFFFFFFFFFFFA6
:20BAC000FFFFFFFFFFFFFFFFFFFFFFFFFFFFFFFFFFFFFFFFFFFFFFFFFFFFFFFFFFFFFFFF86
:20BAE000FFFFFFFFFFFFFFFFFFFFFFFFFFFFFFFFFFFFFFFFFFFFFFFFFFFFFFFFFFFFFFFF66
:20BB0000FFFFFFFFFFFFFFFFFFFFFFFFFFFFFFFFFFFFFFFFFFFFFFFFFFFFFFFFFFFFFFFF45
:20BB2000FFFFFFFFFFFFFFFFFFFFFFFFFFFFFFFFFFFFFFFFFFFFFFFFFFFFFFFFFFFFFFFF25
:20BB4000FFFFFFFFFFFFFFFFFFFFFFFFFFFFFFFFFFFFFFFFFFFFFFFFFFFFFFFFFFFFFFFF05
:20BB6000FFFFFFFFFFFFFFFFFFFFFFFFFFFFFFFFFFFFFFFFFFFFFFFFFFFFFFFFFFFFFFFFE5
:20BB8000FFFFFFFFFFFFFFFFFFFFFFFFFFFFFFFFFFFFFFFFFFFFFFFFFFFFFFFFFFFFFFFFC5
:20BBA000FFFFFFFFFFFFFFFFFFFFFFFFFFFFFFFFFFFFFFFFFFFFFFFFFFFFFFFFFFFFFFFFA5
:20BBC000FFFFFFFFFFFFFFFFFFFFFFFFFFFFFFFFFFFFFFFFFFFFFFFFFFFFFFFFFFFFFFFF85
:20BBE000FFFFFFFFFFFFFFFFFFFFFFFFFFFFFFFFFFFFFFFFFFFFFFFFFFFFFFFFFFFFFFFF65
:20BC0000FFFFFFFFFFFFFFFFFFFFFFFFFFFFFFFFFFFFFFFFFFFFFFFFFFFFFFFFFFFFFFFF44
:20BC2000FFFFFFFFFFFFFFFFFFFFFFFFFFFFFFFFFFFFFFFFFFFFFFFFFFFFFFFFFFFFFFFF24
:20BC4000FFFFFFFFFFFFFFFFFFFFFFFFFFFFFFFFFFFFFFFFFFFFFFFFFFFFFFFFFFFFFFFF04
:20BC6000FFFFFFFFFFFFFFFFFFFFFFFFFFFFFFFFFFFFFFFFFFFFFFFFFFFFFFFFFFFFFFFFE4
:20BC8000FFFFFFFFFFFFFFFFFFFFFFFFFFFFFFFFFFFFFFFFFFFFFFFFFFFFFFFFFFFFFFFFC4
:20BCA000FFFFFFFFFFFFFFFFFFFFFFFFFFFFFFFFFFFFFFFFFFFFFFFFFFFFFFFFFFFFFFFFA4
:20BCC000FFFFFFFFFFFFFFFFFFFFFFFFFFFFFFFFFFFFFFFFFFFFFFFFFFFFFFFFFFFFFFFF84
:20BCE000FFFFFFFFFFFFFFFFFFFFFFFFFFFFFFFFFFFFFFFFFFFFFFFFFFFFFFFFFFFFFFFF64
:20BD0000FFFFFFFFFFFFFFFFFFFFFFFFFFFFFFFFFFFFFFFFFFFFFFFFFFFFFFFFFFFFFFFF43
:20BD2000FFFFFFFFFFFFFFFFFFFFFFFFFFFFFFFFFFFFFFFFFFFFFFFFFFFFFFFFFFFFFFFF23
:20BD4000FFFFFFFFFFFFFFFFFFFFFFFFFFFFFFFFFFFFFFFFFFFFFFFFFFFFFFFFFFFFFFFF03
:20BD6000FFFFFFFFFFFFFFFFFFFFFFFFFFFFFFFFFFFFFFFFFFFFFFFFFFFFFFFFFFFFFFFFE3
:20BD8000FFFFFFFFFFFFFFFFFFFFFFFFFFFFFFFFFFFFFFFFFFFFFFFFFFFFFFFFFFFFFFFFC3
:20BDA000FFFFFFFFFFFFFFFFFFFFFFFFFFFFFFFFFFFFFFFFFFFFFFFFFFFFFFFFFFFFFFFFA3
:20BDC000FFFFFFFFFFFFFFFFFFFFFFFFFFFFFFFFFFFFFFFFFFFFFFFFFFFFFFFFFFFFFFFF83
:20BDE000FFFFFFFFFFFFFFFFFFFFFFFFFFFFFFFFFFFFFFFFFFFFFFFFFFFFFFFFFFFFFFFF63
:20BE0000FFFFFFFFFFFFFFFFFFFFFFFFFFFFFFFFFFFFFFFFFFFFFFFFFFFFFFFFFFFFFFFF42
:20BE2000FFFFFFFFFFFFFFFFFFFFFFFFFFFFFFFFFFFFFFFFFFFFFFFFFFFFFFFFFFFFFFFF22
:20BE4000FFFFFFFFFFFFFFFFFFFFFFFFFFFFFFFFFFFFFFFFFFFFFFFFFFFFFFFFFFFFFFFF02
:20BE6000FFFFFFFFFFFFFFFFFFFFFFFFFFFFFFFFFFFFFFFFFFFFFFFFFFFFFFFFFFFFFFFFE2
:20BE8000FFFFFFFFFFFFFFFFFFFFFFFFFFFFFFFFFFFFFFFFFFFFFFFFFFFFFFFFFFFFFFFFC2
:20BEA000FFFFFFFFFFFFFFFFFFFFFFFFFFFFFFFFFFFFFFFFFFFFFFFFFFFFFFFFFFFFFFFFA2
:20BEC000FFFFFFFFFFFFFFFFFFFFFFFFFFFFFFFFFFFFFFFFFFFFFFFFFFFFFFFFFFFFFFFF82
:20BEE000FFFFFFFFFFFFFFFFFFFFFFFFFFFFFFFFFFFFFFFFFFFFFFFFFFFFFFFFFFFFFFFF62
:20BF0000FFFFFFFFFFFFFFFFFFFFFFFFFFFFFFFFFFFFFFFFFFFFFFFFFFFFFFFFFFFFFFFF41
:20BF2000FFFFFFFFFFFFFFFFFFFFFFFFFFFFFFFFFFFFFFFFFFFFFFFFFFFFFFFFFFFFFFFF21
:20BF4000FFFFFFFFFFFFFFFFFFFFFFFFFFFFFFFFFFFFFFFFFFFFFFFFFFFFFFFFFFFFFFFF01
:20BF6000FFFFFFFFFFFFFFFFFFFFFFFFFFFFFFFFFFFFFFFFFFFFFFFFFFFFFFFFFFFFFFFFE1
:20BF8000FFFFFFFFFFFFFFFFFFFFFFFFFFFFFFFFFFFFFFFFFFFFFFFFFFFFFFFFFFFFFFFFC1
:20BFA000FFFFFFFFFFFFFFFFFFFFFFFFFFFFFFFFFFFFFFFFFFFFFFFFFFFFFFFFFFFFFFFFA1
:20BFC000FFFFFFFFFFFFFFFFFFFFFFFFFFFFFFFFFFFFFFFFFFFFFFFFFFFFFFFFFFFFFFFF81
:20BFE000FFFFFFFFFFFFFFFFFFFFFFFFFFFFFFFFFFFFFFFFFFFFFFFFFFFFFFFFFFFFFFFF61
:20C00000FFFFFFFFFFFFFFFFFFFFFFFFFFFFFFFFFFFFFFFFFFFFFFFFFFFFFFFFFFFFFFFF40
:20C02000FFFFFFFFFFFFFFFFFFFFFFFFFFFFFFFFFFFFFFFFFFFFFFFFFFFFFFFFFFFFFFFF20
:20C04000FFFFFFFFFFFFFFFFFFFFFFFFFFFFFFFFFFFFFFFFFFFFFFFFFFFFFFFFFFFFFFFF00
:20C06000FFFFFFFFFFFFFFFFFFFFFFFFFFFFFFFFFFFFFFFFFFFFFFFFFFFFFFFFFFFFFFFFE0
:20C08000FFFFFFFFFFFFFFFFFFFFFFFFFFFFFFFFFFFFFFFFFFFFFFFFFFFFFFFFFFFFFFFFC0
:20C0A000FFFFFFFFFFFFFFFFFFFFFFFFFFFFFFFFFFFFFFFFFFFFFFFFFFFFFFFFFFFFFFFFA0
:20C0C000FFFFFFFFFFFFFFFFFFFFFFFFFFFFFFFFFFFFFFFFFFFFFFFFFFFFFFFFFFFFFFFF80
:20C0E000FFFFFFFFFFFFFFFFFFFFFFFFFFFFFFFFFFFFFFFFFFFFFFFFFFFFFFFFFFFFFFFF60
:20C10000FFFFFFFFFFFFFFFFFFFFFFFFFFFFFFFFFFFFFFFFFFFFFFFFFFFFFFFFFFFFFFFF3F
:20C12000FFFFFFFFFFFFFFFFFFFFFFFFFFFFFFFFFFFFFFFFFFFFFFFFFFFFFFFFFFFFFFFF1F
:20C14000FFFFFFFFFFFFFFFFFFFFFFFFFFFFFFFFFFFFFFFFFFFFFFFFFFFFFFFFFFFFFFFFFF
:20C16000FFFFFFFFFFFFFFFFFFFFFFFFFFFFFFFFFFFFFFFFFFFFFFFFFFFFFFFFFFFFFFFFDF
:20C18000FFFFFFFFFFFFFFFFFFFFFFFFFFFFFFFFFFFFFFFFFFFFFFFFFFFFFFFFFFFFFFFFBF
:20C1A000FFFFFFFFFFFFFFFFFFFFFFFFFFFFFFFFFFFFFFFFFFFFFFFFFFFFFFFFFFFFFFFF9F
:20C1C000FFFFFFFFFFFFFFFFFFFFFFFFFFFFFFFFFFFFFFFFFFFFFFFFFFFFFFFFFFFFFFFF7F
:20C1E000FFFFFFFFFFFFFFFFFFFFFFFFFFFFFFFFFFFFFFFFFFFFFFFFFFFFFFFFFFFFFFFF5F
:20C20000FFFFFFFFFFFFFFFFFFFFFFFFFFFFFFFFFFFFFFFFFFFFFFFFFFFFFFFFFFFFFFFF3E
:20C22000FFFFFFFFFFFFFFFFFFFFFFFFFFFFFFFFFFFFFFFFFFFFFFFFFFFFFFFFFFFFFFFF1E
:20C24000FFFFFFFFFFFFFFFFFFFFFFFFFFFFFFFFFFFFFFFFFFFFFFFFFFFFFFFFFFFFFFFFFE
:20C26000FFFFFFFFFFFFFFFFFFFFFFFFFFFFFFFFFFFFFFFFFFFFFFFFFFFFFFFFFFFFFFFFDE
:20C28000FFFFFFFFFFFFFFFFFFFFFFFFFFFFFFFFFFFFFFFFFFFFFFFFFFFFFFFFFFFFFFFFBE
:20C2A000FFFFFFFFFFFFFFFFFFFFFFFFFFFFFFFFFFFFFFFFFFFFFFFFFFFFFFFFFFFFFFFF9E
:20C2C000FFFFFFFFFFFFFFFFFFFFFFFFFFFFFFFFFFFFFFFFFFFFFFFFFFFFFFFFFFFFFFFF7E
:20C2E000FFFFFFFFFFFFFFFFFFFFFFFFFFFFFFFFFFFFFFFFFFFFFFFFFFFFFFFFFFFFFFFF5E
:20C30000FFFFFFFFFFFFFFFFFFFFFFFFFFFFFFFFFFFFFFFFFFFFFFFFFFFFFFFFFFFFFFFF3D
:20C32000FFFFFFFFFFFFFFFFFFFFFFFFFFFFFFFFFFFFFFFFFFFFFFFFFFFFFFFFFFFFFFFF1D
:20C34000FFFFFFFFFFFFFFFFFFFFFFFFFFFFFFFFFFFFFFFFFFFFFFFFFFFFFFFFFFFFFFFFFD
:20C36000FFFFFFFFFFFFFFFFFFFFFFFFFFFFFFFFFFFFFFFFFFFFFFFFFFFFFFFFFFFFFFFFDD
:20C38000FFFFFFFFFFFFFFFFFFFFFFFFFFFFFFFFFFFFFFFFFFFFFFFFFFFFFFFFFFFFFFFFBD
:20C3A000FFFFFFFFFFFFFFFFFFFFFFFFFFFFFFFFFFFFFFFFFFFFFFFFFFFFFFFFFFFFFFFF9D
:20C3C000FFFFFFFFFFFFFFFFFFFFFFFFFFFFFFFFFFFFFFFFFFFFFFFFFFFFFFFFFFFFFFFF7D
:20C3E000FFFFFFFFFFFFFFFFFFFFFFFFFFFFFFFFFFFFFFFFFFFFFFFFFFFFFFFFFFFFFFFF5D
:20C40000FFFFFFFFFFFFFFFFFFFFFFFFFFFFFFFFFFFFFFFFFFFFFFFFFFFFFFFFFFFFFFFF3C
:20C42000FFFFFFFFFFFFFFFFFFFFFFFFFFFFFFFFFFFFFFFFFFFFFFFFFFFFFFFFFFFFFFFF1C
:20C44000FFFFFFFFFFFFFFFFFFFFFFFFFFFFFFFFFFFFFFFFFFFFFFFFFFFFFFFFFFFFFFFFFC
:20C46000FFFFFFFFFFFFFFFFFFFFFFFFFFFFFFFFFFFFFFFFFFFFFFFFFFFFFFFFFFFFFFFFDC
:20C48000FFFFFFFFFFFFFFFFFFFFFFFFFFFFFFFFFFFFFFFFFFFFFFFFFFFFFFFFFFFFFFFFBC
:20C4A000FFFFFFFFFFFFFFFFFFFFFFFFFFFFFFFFFFFFFFFFFFFFFFFFFFFFFFFFFFFFFFFF9C
:20C4C000FFFFFFFFFFFFFFFFFFFFFFFFFFFFFFFFFFFFFFFFFFFFFFFFFFFFFFFFFFFFFFFF7C
:20C4E000FFFFFFFFFFFFFFFFFFFFFFFFFFFFFFFFFFFFFFFFFFFFFFFFFFFFFFFFFFFFFFFF5C
:20C50000FFFFFFFFFFFFFFFFFFFFFFFFFFFFFFFFFFFFFFFFFFFFFFFFFFFFFFFFFFFFFFFF3B
:20C52000FFFFFFFFFFFFFFFFFFFFFFFFFFFFFFFFFFFFFFFFFFFFFFFFFFFFFFFFFFFFFFFF1B
:20C54000FFFFFFFFFFFFFFFFFFFFFFFFFFFFFFFFFFFFFFFFFFFFFFFFFFFFFFFFFFFFFFFFFB
:20C56000FFFFFFFFFFFFFFFFFFFFFFFFFFFFFFFFFFFFFFFFFFFFFFFFFFFFFFFFFFFFFFFFDB
:20C58000FFFFFFFFFFFFFFFFFFFFFFFFFFFFFFFFFFFFFFFFFFFFFFFFFFFFFFFFFFFFFFFFBB
:20C5A000FFFFFFFFFFFFFFFFFFFFFFFFFFFFFFFFFFFFFFFFFFFFFFFFFFFFFFFFFFFFFFFF9B
:20C5C000FFFFFFFFFFFFFFFFFFFFFFFFFFFFFFFFFFFFFFFFFFFFFFFFFFFFFFFFFFFFFFFF7B
:20C5E000FFFFFFFFFFFFFFFFFFFFFFFFFFFFFFFFFFFFFFFFFFFFFFFFFFFFFFFFFFFFFFFF5B
:20C60000FFFFFFFFFFFFFFFFFFFFFFFFFFFFFFFFFFFFFFFFFFFFFFFFFFFFFFFFFFFFFFFF3A
:20C62000FFFFFFFFFFFFFFFFFFFFFFFFFFFFFFFFFFFFFFFFFFFFFFFFFFFFFFFFFFFFFFFF1A
:20C64000FFFFFFFFFFFFFFFFFFFFFFFFFFFFFFFFFFFFFFFFFFFFFFFFFFFFFFFFFFFFFFFFFA
:20C66000FFFFFFFFFFFFFFFFFFFFFFFFFFFFFFFFFFFFFFFFFFFFFFFFFFFFFFFFFFFFFFFFDA
:20C68000FFFFFFFFFFFFFFFFFFFFFFFFFFFFFFFFFFFFFFFFFFFFFFFFFFFFFFFFFFFFFFFFBA
:20C6A000FFFFFFFFFFFFFFFFFFFFFFFFFFFFFFFFFFFFFFFFFFFFFFFFFFFFFFFFFFFFFFFF9A
:20C6C000FFFFFFFFFFFFFFFFFFFFFFFFFFFFFFFFFFFFFFFFFFFFFFFFFFFFFFFFFFFFFFFF7A
:20C6E000FFFFFFFFFFFFFFFFFFFFFFFFFFFFFFFFFFFFFFFFFFFFFFFFFFFFFFFFFFFFFFFF5A
:20C70000FFFFFFFFFFFFFFFFFFFFFFFFFFFFFFFFFFFFFFFFFFFFFFFFFFFFFFFFFFFFFFFF39
:20C72000FFFFFFFFFFFFFFFFFFFFFFFFFFFFFFFFFFFFFFFFFFFFFFFFFFFFFFFFFFFFFFFF19
:20C74000FFFFFFFFFFFFFFFFFFFFFFFFFFFFFFFFFFFFFFFFFFFFFFFFFFFFFFFFFFFFFFFFF9
:20C76000FFFFFFFFFFFFFFFFFFFFFFFFFFFFFFFFFFFFFFFFFFFFFFFFFFFFFFFFFFFFFFFFD9
:20C78000FFFFFFFFFFFFFFFFFFFFFFFFFFFFFFFFFFFFFFFFFFFFFFFFFFFFFFFFFFFFFFFFB9
:20C7A000FFFFFFFFFFFFFFFFFFFFFFFFFFFFFFFFFFFFFFFFFFFFFFFFFFFFFFFFFFFFFFFF99
:20C7C000FFFFFFFFFFFFFFFFFFFFFFFFFFFFFFFFFFFFFFFFFFFFFFFFFFFFFFFFFFFFFFFF79
:20C7E000FFFFFFFFFFFFFFFFFFFFFFFFFFFFFFFFFFFFFFFFFFFFFFFFFFFFFFFFFFFFFFFF59
:20C80000FFFFFFFFFFFFFFFFFFFFFFFFFFFFFFFFFFFFFFFFFFFFFFFFFFFFFFFFFFFFFFFF38
:20C82000FFFFFFFFFFFFFFFFFFFFFFFFFFFFFFFFFFFFFFFFFFFFFFFFFFFFFFFFFFFFFFFF18
:20C84000FFFFFFFFFFFFFFFFFFFFFFFFFFFFFFFFFFFFFFFFFFFFFFFFFFFFFFFFFFFFFFFFF8
:20C86000FFFFFFFFFFFFFFFFFFFFFFFFFFFFFFFFFFFFFFFFFFFFFFFFFFFFFFFFFFFFFFFFD8
:20C88000FFFFFFFFFFFFFFFFFFFFFFFFFFFFFFFFFFFFFFFFFFFFFFFFFFFFFFFFFFFFFFFFB8
:20C8A000FFFFFFFFFFFFFFFFFFFFFFFFFFFFFFFFFFFFFFFFFFFFFFFFFFFFFFFFFFFFFFFF98
:20C8C000FFFFFFFFFFFFFFFFFFFFFFFFFFFFFFFFFFFFFFFFFFFFFFFFFFFFFFFFFFFFFFFF78
:20C8E000FFFFFFFFFFFFFFFFFFFFFFFFFFFFFFFFFFFFFFFFFFFFFFFFFFFFFFFFFFFFFFFF58
:20C90000FFFFFFFFFFFFFFFFFFFFFFFFFFFFFFFFFFFFFFFFFFFFFFFFFFFFFFFFFFFFFFFF37
:20C92000FFFFFFFFFFFFFFFFFFFFFFFFFFFFFFFFFFFFFFFFFFFFFFFFFFFFFFFFFFFFFFFF17
:20C94000FFFFFFFFFFFFFFFFFFFFFFFFFFFFFFFFFFFFFFFFFFFFFFFFFFFFFFFFFFFFFFFFF7
:20C96000FFFFFFFFFFFFFFFFFFFFFFFFFFFFFFFFFFFFFFFFFFFFFFFFFFFFFFFFFFFFFFFFD7
:20C98000FFFFFFFFFFFFFFFFFFFFFFFFFFFFFFFFFFFFFFFFFFFFFFFFFFFFFFFFFFFFFFFFB7
:20C9A000FFFFFFFFFFFFFFFFFFFFFFFFFFFFFFFFFFFFFFFFFFFFFFFFFFFFFFFFFFFFFFFF97
:20C9C000FFFFFFFFFFFFFFFFFFFFFFFFFFFFFFFFFFFFFFFFFFFFFFFFFFFFFFFFFFFFFFFF77
:20C9E000FFFFFFFFFFFFFFFFFFFFFFFFFFFFFFFFFFFFFFFFFFFFFFFFFFFFFFFFFFFFFFFF57
:20CA0000FFFFFFFFFFFFFFFFFFFFFFFFFFFFFFFFFFFFFFFFFFFFFFFFFFFFFFFFFFFFFFFF36
:20CA2000FFFFFFFFFFFFFFFFFFFFFFFFFFFFFFFFFFFFFFFFFFFFFFFFFFFFFFFFFFFFFFFF16
:20CA4000FFFFFFFFFFFFFFFFFFFFFFFFFFFFFFFFFFFFFFFFFFFFFFFFFFFFFFFFFFFFFFFFF6
:20CA6000FFFFFFFFFFFFFFFFFFFFFFFFFFFFFFFFFFFFFFFFFFFFFFFFFFFFFFFFFFFFFFFFD6
:20CA8000FFFFFFFFFFFFFFFFFFFFFFFFFFFFFFFFFFFFFFFFFFFFFFFFFFFFFFFFFFFFFFFFB6
:20CAA000FFFFFFFFFFFFFFFFFFFFFFFFFFFFFFFFFFFFFFFFFFFFFFFFFFFFFFFFFFFFFFFF96
:20CAC000FFFFFFFFFFFFFFFFFFFFFFFFFFFFFFFFFFFFFFFFFFFFFFFFFFFFFFFFFFFFFFFF76
:20CAE000FFFFFFFFFFFFFFFFFFFFFFFFFFFFFFFFFFFFFFFFFFFFFFFFFFFFFFFFFFFFFFFF56
:20CB0000FFFFFFFFFFFFFFFFFFFFFFFFFFFFFFFFFFFFFFFFFFFFFFFFFFFFFFFFFFFFFFFF35
:20CB2000FFFFFFFFFFFFFFFFFFFFFFFFFFFFFFFFFFFFFFFFFFFFFFFFFFFFFFFFFFFFFFFF15
:20CB4000FFFFFFFFFFFFFFFFFFFFFFFFFFFFFFFFFFFFFFFFFFFFFFFFFFFFFFFFFFFFFFFFF5
:20CB6000FFFFFFFFFFFFFFFFFFFFFFFFFFFFFFFFFFFFFFFFFFFFFFFFFFFFFFFFFFFFFFFFD5
:20CB8000FFFFFFFFFFFFFFFFFFFFFFFFFFFFFFFFFFFFFFFFFFFFFFFFFFFFFFFFFFFFFFFFB5
:20CBA000FFFFFFFFFFFFFFFFFFFFFFFFFFFFFFFFFFFFFFFFFFFFFFFFFFFFFFFFFFFFFFFF95
:20CBC000FFFFFFFFFFFFFFFFFFFFFFFFFFFFFFFFFFFFFFFFFFFFFFFFFFFFFFFFFFFFFFFF75
:20CBE000FFFFFFFFFFFFFFFFFFFFFFFFFFFFFFFFFFFFFFFFFFFFFFFFFFFFFFFFFFFFFFFF55
:20CC0000FFFFFFFFFFFFFFFFFFFFFFFFFFFFFFFFFFFFFFFFFFFFFFFFFFFFFFFFFFFFFFFF34
:20CC2000FFFFFFFFFFFFFFFFFFFFFFFFFFFFFFFFFFFFFFFFFFFFFFFFFFFFFFFFFFFFFFFF14
:20CC4000FFFFFFFFFFFFFFFFFFFFFFFFFFFFFFFFFFFFFFFFFFFFFFFFFFFFFFFFFFFFFFFFF4
:20CC6000FFFFFFFFFFFFFFFFFFFFFFFFFFFFFFFFFFFFFFFFFFFFFFFFFFFFFFFFFFFFFFFFD4
:20CC8000FFFFFFFFFFFFFFFFFFFFFFFFFFFFFFFFFFFFFFFFFFFFFFFFFFFFFFFFFFFFFFFFB4
:20CCA000FFFFFFFFFFFFFFFFFFFFFFFFFFFFFFFFFFFFFFFFFFFFFFFFFFFFFFFFFFFFFFFF94
:20CCC000FFFFFFFFFFFFFFFFFFFFFFFFFFFFFFFFFFFFFFFFFFFFFFFFFFFFFFFFFFFFFFFF74
:20CCE000FFFFFFFFFFFFFFFFFFFFFFFFFFFFFFFFFFFFFFFFFFFFFFFFFFFFFFFFFFFFFFFF54
:20CD0000FFFFFFFFFFFFFFFFFFFFFFFFFFFFFFFFFFFFFFFFFFFFFFFFFFFFFFFFFFFFFFFF33
:20CD2000FFFFFFFFFFFFFFFFFFFFFFFFFFFFFFFFFFFFFFFFFFFFFFFFFFFFFFFFFFFFFFFF13
:20CD4000FFFFFFFFFFFFFFFFFFFFFFFFFFFFFFFFFFFFFFFFFFFFFFFFFFFFFFFFFFFFFFFFF3
:20CD6000FFFFFFFFFFFFFFFFFFFFFFFFFFFFFFFFFFFFFFFFFFFFFFFFFFFFFFFFFFFFFFFFD3
:20CD8000FFFFFFFFFFFFFFFFFFFFFFFFFFFFFFFFFFFFFFFFFFFFFFFFFFFFFFFFFFFFFFFFB3
:20CDA000FFFFFFFFFFFFFFFFFFFFFFFFFFFFFFFFFFFFFFFFFFFFFFFFFFFFFFFFFFFFFFFF93
:20CDC000FFFFFFFFFFFFFFFFFFFFFFFFFFFFFFFFFFFFFFFFFFFFFFFFFFFFFFFFFFFFFFFF73
:20CDE000FFFFFFFFFFFFFFFFFFFFFFFFFFFFFFFFFFFFFFFFFFFFFFFFFFFFFFFFFFFFFFFF53
:20CE0000FFFFFFFFFFFFFFFFFFFFFFFFFFFFFFFFFFFFFFFFFFFFFFFFFFFFFFFFFFFFFFFF32
:20CE2000FFFFFFFFFFFFFFFFFFFFFFFFFFFFFFFFFFFFFFFFFFFFFFFFFFFFFFFFFFFFFFFF12
:20CE4000FFFFFFFFFFFFFFFFFFFFFFFFFFFFFFFFFFFFFFFFFFFFFFFFFFFFFFFFFFFFFFFFF2
:20CE6000FFFFFFFFFFFFFFFFFFFFFFFFFFFFFFFFFFFFFFFFFFFFFFFFFFFFFFFFFFFFFFFFD2
:20CE8000FFFFFFFFFFFFFFFFFFFFFFFFFFFFFFFFFFFFFFFFFFFFFFFFFFFFFFFFFFFFFFFFB2
:20CEA000FFFFFFFFFFFFFFFFFFFFFFFFFFFFFFFFFFFFFFFFFFFFFFFFFFFFFFFFFFFFFFFF92
:20CEC000FFFFFFFFFFFFFFFFFFFFFFFFFFFFFFFFFFFFFFFFFFFFFFFFFFFFFFFFFFFFFFFF72
:20CEE000FFFFFFFFFFFFFFFFFFFFFFFFFFFFFFFFFFFFFFFFFFFFFFFFFFFFFFFFFFFFFFFF52
:20CF0000FFFFFFFFFFFFFFFFFFFFFFFFFFFFFFFFFFFFFFFFFFFFFFFFFFFFFFFFFFFFFFFF31
:20CF2000FFFFFFFFFFFFFFFFFFFFFFFFFFFFFFFFFFFFFFFFFFFFFFFFFFFFFFFFFFFFFFFF11
:20CF4000FFFFFFFFFFFFFFFFFFFFFFFFFFFFFFFFFFFFFFFFFFFFFFFFFFFFFFFFFFFFFFFFF1
:20CF6000FFFFFFFFFFFFFFFFFFFFFFFFFFFFFFFFFFFFFFFFFFFFFFFFFFFFFFFFFFFFFFFFD1
:20CF8000FFFFFFFFFFFFFFFFFFFFFFFFFFFFFFFFFFFFFFFFFFFFFFFFFFFFFFFFFFFFFFFFB1
:20CFA000FFFFFFFFFFFFFFFFFFFFFFFFFFFFFFFFFFFFFFFFFFFFFFFFFFFFFFFFFFFFFFFF91
:20CFC000FFFFFFFFFFFFFFFFFFFFFFFFFFFFFFFFFFFFFFFFFFFFFFFFFFFFFFFFFFFFFFFF71
:20CFE000FFFFFFFFFFFFFFFFFFFFFFFFFFFFFFFFFFFFFFFFFFFFFFFFFFFFFFFFFFFFFFFF51
:20D00000FFFFFFFFFFFFFFFFFFFFFFFFFFFFFFFFFFFFFFFFFFFFFFFFFFFFFFFFFFFFFFFF30
:20D02000FFFFFFFFFFFFFFFFFFFFFFFFFFFFFFFFFFFFFFFFFFFFFFFFFFFFFFFFFFFFFFFF10
:20D04000FFFFFFFFFFFFFFFFFFFFFFFFFFFFFFFFFFFFFFFFFFFFFFFFFFFFFFFFFFFFFFFFF0
:20D06000FFFFFFFFFFFFFFFFFFFFFFFFFFFFFFFFFFFFFFFFFFFFFFFFFFFFFFFFFFFFFFFFD0
:20D08000FFFFFFFFFFFFFFFFFFFFFFFFFFFFFFFFFFFFFFFFFFFFFFFFFFFFFFFFFFFFFFFFB0
:20D0A000FFFFFFFFFFFFFFFFFFFFFFFFFFFFFFFFFFFFFFFFFFFFFFFFFFFFFFFFFFFFFFFF90
:20D0C000FFFFFFFFFFFFFFFFFFFFFFFFFFFFFFFFFFFFFFFFFFFFFFFFFFFFFFFFFFFFFFFF70
:20D0E000FFFFFFFFFFFFFFFFFFFFFFFFFFFFFFFFFFFFFFFFFFFFFFFFFFFFFFFFFFFFFFFF50
:20D10000FFFFFFFFFFFFFFFFFFFFFFFFFFFFFFFFFFFFFFFFFFFFFFFFFFFFFFFFFFFFFFFF2F
:20D12000FFFFFFFFFFFFFFFFFFFFFFFFFFFFFFFFFFFFFFFFFFFFFFFFFFFFFFFFFFFFFFFF0F
:20D14000FFFFFFFFFFFFFFFFFFFFFFFFFFFFFFFFFFFFFFFFFFFFFFFFFFFFFFFFFFFFFFFFEF
:20D16000FFFFFFFFFFFFFFFFFFFFFFFFFFFFFFFFFFFFFFFFFFFFFFFFFFFFFFFFFFFFFFFFCF
:20D18000FFFFFFFFFFFFFFFFFFFFFFFFFFFFFFFFFFFFFFFFFFFFFFFFFFFFFFFFFFFFFFFFAF
:20D1A000FFFFFFFFFFFFFFFFFFFFFFFFFFFFFFFFFFFFFFFFFFFFFFFFFFFFFFFFFFFFFFFF8F
:20D1C000FFFFFFFFFFFFFFFFFFFFFFFFFFFFFFFFFFFFFFFFFFFFFFFFFFFFFFFFFFFFFFFF6F
:20D1E000FFFFFFFFFFFFFFFFFFFFFFFFFFFFFFFFFFFFFFFFFFFFFFFFFFFFFFFFFFFFFFFF4F
:20D20000FFFFFFFFFFFFFFFFFFFFFFFFFFFFFFFFFFFFFFFFFFFFFFFFFFFFFFFFFFFFFFFF2E
:20D22000FFFFFFFFFFFFFFFFFFFFFFFFFFFFFFFFFFFFFFFFFFFFFFFFFFFFFFFFFFFFFFFF0E
:20D24000FFFFFFFFFFFFFFFFFFFFFFFFFFFFFFFFFFFFFFFFFFFFFFFFFFFFFFFFFFFFFFFFEE
:20D26000FFFFFFFFFFFFFFFFFFFFFFFFFFFFFFFFFFFFFFFFFFFFFFFFFFFFFFFFFFFFFFFFCE
:20D28000FFFFFFFFFFFFFFFFFFFFFFFFFFFFFFFFFFFFFFFFFFFFFFFFFFFFFFFFFFFFFFFFAE
:20D2A000FFFFFFFFFFFFFFFFFFFFFFFFFFFFFFFFFFFFFFFFFFFFFFFFFFFFFFFFFFFFFFFF8E
:20D2C000FFFFFFFFFFFFFFFFFFFFFFFFFFFFFFFFFFFFFFFFFFFFFFFFFFFFFFFFFFFFFFFF6E
:20D2E000FFFFFFFFFFFFFFFFFFFFFFFFFFFFFFFFFFFFFFFFFFFFFFFFFFFFFFFFFFFFFFFF4E
:20D30000FFFFFFFFFFFFFFFFFFFFFFFFFFFFFFFFFFFFFFFFFFFFFFFFFFFFFFFFFFFFFFFF2D
:20D32000FFFFFFFFFFFFFFFFFFFFFFFFFFFFFFFFFFFFFFFFFFFFFFFFFFFFFFFFFFFFFFFF0D
:20D34000FFFFFFFFFFFFFFFFFFFFFFFFFFFFFFFFFFFFFFFFFFFFFFFFFFFFFFFFFFFFFFFFED
:20D36000FFFFFFFFFFFFFFFFFFFFFFFFFFFFFFFFFFFFFFFFFFFFFFFFFFFFFFFFFFFFFFFFCD
:20D38000FFFFFFFFFFFFFFFFFFFFFFFFFFFFFFFFFFFFFFFFFFFFFFFFFFFFFFFFFFFFFFFFAD
:20D3A000FFFFFFFFFFFFFFFFFFFFFFFFFFFFFFFFFFFFFFFFFFFFFFFFFFFFFFFFFFFFFFFF8D
:20D3C000FFFFFFFFFFFFFFFFFFFFFFFFFFFFFFFFFFFFFFFFFFFFFFFFFFFFFFFFFFFFFFFF6D
:20D3E000FFFFFFFFFFFFFFFFFFFFFFFFFFFFFFFFFFFFFFFFFFFFFFFFFFFFFFFFFFFFFFFF4D
:20D40000FFFFFFFFFFFFFFFFFFFFFFFFFFFFFFFFFFFFFFFFFFFFFFFFFFFFFFFFFFFFFFFF2C
:20D42000FFFFFFFFFFFFFFFFFFFFFFFFFFFFFFFFFFFFFFFFFFFFFFFFFFFFFFFFFFFFFFFF0C
:20D44000FFFFFFFFFFFFFFFFFFFFFFFFFFFFFFFFFFFFFFFFFFFFFFFFFFFFFFFFFFFFFFFFEC
:20D46000FFFFFFFFFFFFFFFFFFFFFFFFFFFFFFFFFFFFFFFFFFFFFFFFFFFFFFFFFFFFFFFFCC
:20D48000FFFFFFFFFFFFFFFFFFFFFFFFFFFFFFFFFFFFFFFFFFFFFFFFFFFFFFFFFFFFFFFFAC
:20D4A000FFFFFFFFFFFFFFFFFFFFFFFFFFFFFFFFFFFFFFFFFFFFFFFFFFFFFFFFFFFFFFFF8C
:20D4C000FFFFFFFFFFFFFFFFFFFFFFFFFFFFFFFFFFFFFFFFFFFFFFFFFFFFFFFFFFFFFFFF6C
:20D4E000FFFFFFFFFFFFFFFFFFFFFFFFFFFFFFFFFFFFFFFFFFFFFFFFFFFFFFFFFFFFFFFF4C
:20D50000FFFFFFFFFFFFFFFFFFFFFFFFFFFFFFFFFFFFFFFFFFFFFFFFFFFFFFFFFFFFFFFF2B
:20D52000FFFFFFFFFFFFFFFFFFFFFFFFFFFFFFFFFFFFFFFFFFFFFFFFFFFFFFFFFFFFFFFF0B
:20D54000FFFFFFFFFFFFFFFFFFFFFFFFFFFFFFFFFFFFFFFFFFFFFFFFFFFFFFFFFFFFFFFFEB
:20D56000FFFFFFFFFFFFFFFFFFFFFFFFFFFFFFFFFFFFFFFFFFFFFFFFFFFFFFFFFFFFFFFFCB
:20D58000FFFFFFFFFFFFFFFFFFFFFFFFFFFFFFFFFFFFFFFFFFFFFFFFFFFFFFFFFFFFFFFFAB
:20D5A000FFFFFFFFFFFFFFFFFFFFFFFFFFFFFFFFFFFFFFFFFFFFFFFFFFFFFFFFFFFFFFFF8B
:20D5C000FFFFFFFFFFFFFFFFFFFFFFFFFFFFFFFFFFFFFFFFFFFFFFFFFFFFFFFFFFFFFFFF6B
:20D5E000FFFFFFFFFFFFFFFFFFFFFFFFFFFFFFFFFFFFFFFFFFFFFFFFFFFFFFFFFFFFFFFF4B
:20D60000FFFFFFFFFFFFFFFFFFFFFFFFFFFFFFFFFFFFFFFFFFFFFFFFFFFFFFFFFFFFFFFF2A
:20D62000FFFFFFFFFFFFFFFFFFFFFFFFFFFFFFFFFFFFFFFFFFFFFFFFFFFFFFFFFFFFFFFF0A
:20D64000FFFFFFFFFFFFFFFFFFFFFFFFFFFFFFFFFFFFFFFFFFFFFFFFFFFFFFFFFFFFFFFFEA
:20D66000FFFFFFFFFFFFFFFFFFFFFFFFFFFFFFFFFFFFFFFFFFFFFFFFFFFFFFFFFFFFFFFFCA
:20D68000FFFFFFFFFFFFFFFFFFFFFFFFFFFFFFFFFFFFFFFFFFFFFFFFFFFFFFFFFFFFFFFFAA
:20D6A000FFFFFFFFFFFFFFFFFFFFFFFFFFFFFFFFFFFFFFFFFFFFFFFFFFFFFFFFFFFFFFFF8A
:20D6C000FFFFFFFFFFFFFFFFFFFFFFFFFFFFFFFFFFFFFFFFFFFFFFFFFFFFFFFFFFFFFFFF6A
:20D6E000FFFFFFFFFFFFFFFFFFFFFFFFFFFFFFFFFFFFFFFFFFFFFFFFFFFFFFFFFFFFFFFF4A
:20D70000FFFFFFFFFFFFFFFFFFFFFFFFFFFFFFFFFFFFFFFFFFFFFFFFFFFFFFFFFFFFFFFF29
:20D72000FFFFFFFFFFFFFFFFFFFFFFFFFFFFFFFFFFFFFFFFFFFFFFFFFFFFFFFFFFFFFFFF09
:20D74000FFFFFFFFFFFFFFFFFFFFFFFFFFFFFFFFFFFFFFFFFFFFFFFFFFFFFFFFFFFFFFFFE9
:20D76000FFFFFFFFFFFFFFFFFFFFFFFFFFFFFFFFFFFFFFFFFFFFFFFFFFFFFFFFFFFFFFFFC9
:20D78000FFFFFFFFFFFFFFFFFFFFFFFFFFFFFFFFFFFFFFFFFFFFFFFFFFFFFFFFFFFFFFFFA9
:20D7A000FFFFFFFFFFFFFFFFFFFFFFFFFFFFFFFFFFFFFFFFFFFFFFFFFFFFFFFFFFFFFFFF89
:20D7C000FFFFFFFFFFFFFFFFFFFFFFFFFFFFFFFFFFFFFFFFFFFFFFFFFFFFFFFFFFFFFFFF69
:20D7E000FFFFFFFFFFFFFFFFFFFFFFFFFFFFFFFFFFFFFFFFFFFFFFFFFFFFFFFFFFFFFFFF49
:20D80000FFFFFFFFFFFFFFFFFFFFFFFFFFFFFFFFFFFFFFFFFFFFFFFFFFFFFFFFFFFFFFFF28
:20D82000FFFFFFFFFFFFFFFFFFFFFFFFFFFFFFFFFFFFFFFFFFFFFFFFFFFFFFFFFFFFFFFF08
:20D84000FFFFFFFFFFFFFFFFFFFFFFFFFFFFFFFFFFFFFFFFFFFFFFFFFFFFFFFFFFFFFFFFE8
:20D86000FFFFFFFFFFFFFFFFFFFFFFFFFFFFFFFFFFFFFFFFFFFFFFFFFFFFFFFFFFFFFFFFC8
:20D88000FFFFFFFFFFFFFFFFFFFFFFFFFFFFFFFFFFFFFFFFFFFFFFFFFFFFFFFFFFFFFFFFA8
:20D8A000FFFFFFFFFFFFFFFFFFFFFFFFFFFFFFFFFFFFFFFFFFFFFFFFFFFFFFFFFFFFFFFF88
:20D8C000FFFFFFFFFFFFFFFFFFFFFFFFFFFFFFFFFFFFFFFFFFFFFFFFFFFFFFFFFFFFFFFF68
:20D8E000FFFFFFFFFFFFFFFFFFFFFFFFFFFFFFFFFFFFFFFFFFFFFFFFFFFFFFFFFFFFFFFF48
:20D90000FFFFFFFFFFFFFFFFFFFFFFFFFFFFFFFFFFFFFFFFFFFFFFFFFFFFFFFFFFFFFFFF27
:20D92000FFFFFFFFFFFFFFFFFFFFFFFFFFFFFFFFFFFFFFFFFFFFFFFFFFFFFFFFFFFFFFFF07
:20D94000FFFFFFFFFFFFFFFFFFFFFFFFFFFFFFFFFFFFFFFFFFFFFFFFFFFFFFFFFFFFFFFFE7
:20D96000FFFFFFFFFFFFFFFFFFFFFFFFFFFFFFFFFFFFFFFFFFFFFFFFFFFFFFFFFFFFFFFFC7
:20D98000FFFFFFFFFFFFFFFFFFFFFFFFFFFFFFFFFFFFFFFFFFFFFFFFFFFFFFFFFFFFFFFFA7
:20D9A000FFFFFFFFFFFFFFFFFFFFFFFFFFFFFFFFFFFFFFFFFFFFFFFFFFFFFFFFFFFFFFFF87
:20D9C000FFFFFFFFFFFFFFFFFFFFFFFFFFFFFFFFFFFFFFFFFFFFFFFFFFFFFFFFFFFFFFFF67
:20D9E000FFFFFFFFFFFFFFFFFFFFFFFFFFFFFFFFFFFFFFFFFFFFFFFFFFFFFFFFFFFFFFFF47
:20DA0000FFFFFFFFFFFFFFFFFFFFFFFFFFFFFFFFFFFFFFFFFFFFFFFFFFFFFFFFFFFFFFFF26
:20DA2000FFFFFFFFFFFFFFFFFFFFFFFFFFFFFFFFFFFFFFFFFFFFFFFFFFFFFFFFFFFFFFFF06
:20DA4000FFFFFFFFFFFFFFFFFFFFFFFFFFFFFFFFFFFFFFFFFFFFFFFFFFFFFFFFFFFFFFFFE6
:20DA6000FFFFFFFFFFFFFFFFFFFFFFFFFFFFFFFFFFFFFFFFFFFFFFFFFFFFFFFFFFFFFFFFC6
:20DA8000FFFFFFFFFFFFFFFFFFFFFFFFFFFFFFFFFFFFFFFFFFFFFFFFFFFFFFFFFFFFFFFFA6
:20DAA000FFFFFFFFFFFFFFFFFFFFFFFFFFFFFFFFFFFFFFFFFFFFFFFFFFFFFFFFFFFFFFFF86
:20DAC000FFFFFFFFFFFFFFFFFFFFFFFFFFFFFFFFFFFFFFFFFFFFFFFFFFFFFFFFFFFFFFFF66
:20DAE000FFFFFFFFFFFFFFFFFFFFFFFFFFFFFFFFFFFFFFFFFFFFFFFFFFFFFFFFFFFFFFFF46
:20DB0000FFFFFFFFFFFFFFFFFFFFFFFFFFFFFFFFFFFFFFFFFFFFFFFFFFFFFFFFFFFFFFFF25
:20DB2000FFFFFFFFFFFFFFFFFFFFFFFFFFFFFFFFFFFFFFFFFFFFFFFFFFFFFFFFFFFFFFFF05
:20DB4000FFFFFFFFFFFFFFFFFFFFFFFFFFFFFFFFFFFFFFFFFFFFFFFFFFFFFFFFFFFFFFFFE5
:20DB6000FFFFFFFFFFFFFFFFFFFFFFFFFFFFFFFFFFFFFFFFFFFFFFFFFFFFFFFFFFFFFFFFC5
:20DB8000FFFFFFFFFFFFFFFFFFFFFFFFFFFFFFFFFFFFFFFFFFFFFFFFFFFFFFFFFFFFFFFFA5
:20DBA000FFFFFFFFFFFFFFFFFFFFFFFFFFFFFFFFFFFFFFFFFFFFFFFFFFFFFFFFFFFFFFFF85
:20DBC000FFFFFFFFFFFFFFFFFFFFFFFFFFFFFFFFFFFFFFFFFFFFFFFFFFFFFFFFFFFFFFFF65
:20DBE000FFFFFFFFFFFFFFFFFFFFFFFFFFFFFFFFFFFFFFFFFFFFFFFFFFFFFFFFFFFFFFFF45
:20DC0000FFFFFFFFFFFFFFFFFFFFFFFFFFFFFFFFFFFFFFFFFFFFFFFFFFFFFFFFFFFFFFFF24
:20DC2000FFFFFFFFFFFFFFFFFFFFFFFFFFFFFFFFFFFFFFFFFFFFFFFFFFFFFFFFFFFFFFFF04
:20DC4000FFFFFFFFFFFFFFFFFFFFFFFFFFFFFFFFFFFFFFFFFFFFFFFFFFFFFFFFFFFFFFFFE4
:20DC6000FFFFFFFFFFFFFFFFFFFFFFFFFFFFFFFFFFFFFFFFFFFFFFFFFFFFFFFFFFFFFFFFC4
:20DC8000FFFFFFFFFFFFFFFFFFFFFFFFFFFFFFFFFFFFFFFFFFFFFFFFFFFFFFFFFFFFFFFFA4
:20DCA000FFFFFFFFFFFFFFFFFFFFFFFFFFFFFFFFFFFFFFFFFFFFFFFFFFFFFFFFFFFFFFFF84
:20DCC000FFFFFFFFFFFFFFFFFFFFFFFFFFFFFFFFFFFFFFFFFFFFFFFFFFFFFFFFFFFFFFFF64
:20DCE000FFFFFFFFFFFFFFFFFFFFFFFFFFFFFFFFFFFFFFFFFFFFFFFFFFFFFFFFFFFFFFFF44
:20DD0000FFFFFFFFFFFFFFFFFFFFFFFFFFFFFFFFFFFFFFFFFFFFFFFFFFFFFFFFFFFFFFFF23
:20DD2000FFFFFFFFFFFFFFFFFFFFFFFFFFFFFFFFFFFFFFFFFFFFFFFFFFFFFFFFFFFFFFFF03
:20DD4000FFFFFFFFFFFFFFFFFFFFFFFFFFFFFFFFFFFFFFFFFFFFFFFFFFFFFFFFFFFFFFFFE3
:20DD6000FFFFFFFFFFFFFFFFFFFFFFFFFFFFFFFFFFFFFFFFFFFFFFFFFFFFFFFFFFFFFFFFC3
:20DD8000FFFFFFFFFFFFFFFFFFFFFFFFFFFFFFFFFFFFFFFFFFFFFFFFFFFFFFFFFFFFFFFFA3
:20DDA000FFFFFFFFFFFFFFFFFFFFFFFFFFFFFFFFFFFFFFFFFFFFFFFFFFFFFFFFFFFFFFFF83
:20DDC000FFFFFFFFFFFFFFFFFFFFFFFFFFFFFFFFFFFFFFFFFFFFFFFFFFFFFFFFFFFFFFFF63
:20DDE000FFFFFFFFFFFFFFFFFFFFFFFFFFFFFFFFFFFFFFFFFFFFFFFFFFFFFFFFFFFFFFFF43
:20DE0000FFFFFFFFFFFFFFFFFFFFFFFFFFFFFFFFFFFFFFFFFFFFFFFFFFFFFFFFFFFFFFFF22
:20DE2000FFFFFFFFFFFFFFFFFFFFFFFFFFFFFFFFFFFFFFFFFFFFFFFFFFFFFFFFFFFFFFFF02
:20DE4000FFFFFFFFFFFFFFFFFFFFFFFFFFFFFFFFFFFFFFFFFFFFFFFFFFFFFFFFFFFFFFFFE2
:20DE6000FFFFFFFFFFFFFFFFFFFFFFFFFFFFFFFFFFFFFFFFFFFFFFFFFFFFFFFFFFFFFFFFC2
:20DE8000FFFFFFFFFFFFFFFFFFFFFFFFFFFFFFFFFFFFFFFFFFFFFFFFFFFFFFFFFFFFFFFFA2
:20DEA000FFFFFFFFFFFFFFFFFFFFFFFFFFFFFFFFFFFFFFFFFFFFFFFFFFFFFFFFFFFFFFFF82
:20DEC000FFFFFFFFFFFFFFFFFFFFFFFFFFFFFFFFFFFFFFFFFFFFFFFFFFFFFFFFFFFFFFFF62
:20DEE000FFFFFFFFFFFFFFFFFFFFFFFFFFFFFFFFFFFFFFFFFFFFFFFFFFFFFFFFFFFFFFFF42
:20DF0000FFFFFFFFFFFFFFFFFFFFFFFFFFFFFFFFFFFFFFFFFFFFFFFFFFFFFFFFFFFFFFFF21
:20DF2000FFFFFFFFFFFFFFFFFFFFFFFFFFFFFFFFFFFFFFFFFFFFFFFFFFFFFFFFFFFFFFFF01
:20DF4000FFFFFFFFFFFFFFFFFFFFFFFFFFFFFFFFFFFFFFFFFFFFFFFFFFFFFFFFFFFFFFFFE1
:20DF6000FFFFFFFFFFFFFFFFFFFFFFFFFFFFFFFFFFFFFFFFFFFFFFFFFFFFFFFFFFFFFFFFC1
:20DF8000FFFFFFFFFFFFFFFFFFFFFFFFFFFFFFFFFFFFFFFFFFFFFFFFFFFFFFFFFFFFFFFFA1
:20DFA000FFFFFFFFFFFFFFFFFFFFFFFFFFFFFFFFFFFFFFFFFFFFFFFFFFFFFFFFFFFFFFFF81
:20DFC000FFFFFFFFFFFFFFFFFFFFFFFFFFFFFFFFFFFFFFFFFFFFFFFFFFFFFFFFFFFFFFFF61
:20DFE000FFFFFFFFFFFFFFFFFFFFFFFFFFFFFFFFFFFFFFFFFFFFFFFFFFFFFFFFFFFFFFFF41
:20E00000FFFFFFFFFFFFFFFFFFFFFFFFFFFFFFFFFFFFFFFFFFFFFFFFFFFFFFFFFFFFFFFF20
:20E02000FFFFFFFFFFFFFFFFFFFFFFFFFFFFFFFFFFFFFFFFFFFFFFFFFFFFFFFFFFFFFFFF00
:20E04000FFFFFFFFFFFFFFFFFFFFFFFFFFFFFFFFFFFFFFFFFFFFFFFFFFFFFFFFFFFFFFFFE0
:20E06000FFFFFFFFFFFFFFFFFFFFFFFFFFFFFFFFFFFFFFFFFFFFFFFFFFFFFFFFFFFFFFFFC0
:20E08000FFFFFFFFFFFFFFFFFFFFFFFFFFFFFFFFFFFFFFFFFFFFFFFFFFFFFFFFFFFFFFFFA0
:20E0A000FFFFFFFFFFFFFFFFFFFFFFFFFFFFFFFFFFFFFFFFFFFFFFFFFFFFFFFFFFFFFFFF80
:20E0C000FFFFFFFFFFFFFFFFFFFFFFFFFFFFFFFFFFFFFFFFFFFFFFFFFFFFFFFFFFFFFFFF60
:20E0E000FFFFFFFFFFFFFFFFFFFFFFFFFFFFFFFFFFFFFFFFFFFFFFFFFFFFFFFFFFFFFFFF40
:20E10000FFFFFFFFFFFFFFFFFFFFFFFFFFFFFFFFFFFFFFFFFFFFFFFFFFFFFFFFFFFFFFFF1F
:20E12000FFFFFFFFFFFFFFFFFFFFFFFFFFFFFFFFFFFFFFFFFFFFFFFFFFFFFFFFFFFFFFFFFF
:20E14000FFFFFFFFFFFFFFFFFFFFFFFFFFFFFFFFFFFFFFFFFFFFFFFFFFFFFFFFFFFFFFFFDF
:20E16000FFFFFFFFFFFFFFFFFFFFFFFFFFFFFFFFFFFFFFFFFFFFFFFFFFFFFFFFFFFFFFFFBF
:20E18000FFFFFFFFFFFFFFFFFFFFFFFFFFFFFFFFFFFFFFFFFFFFFFFFFFFFFFFFFFFFFFFF9F
:20E1A000FFFFFFFFFFFFFFFFFFFFFFFFFFFFFFFFFFFFFFFFFFFFFFFFFFFFFFFFFFFFFFFF7F
:20E1C000FFFFFFFFFFFFFFFFFFFFFFFFFFFFFFFFFFFFFFFFFFFFFFFFFFFFFFFFFFFFFFFF5F
:20E1E000FFFFFFFFFFFFFFFFFFFFFFFFFFFFFFFFFFFFFFFFFFFFFFFFFFFFFFFFFFFFFFFF3F
:20E20000FFFFFFFFFFFFFFFFFFFFFFFFFFFFFFFFFFFFFFFFFFFFFFFFFFFFFFFFFFFFFFFF1E
:20E22000FFFFFFFFFFFFFFFFFFFFFFFFFFFFFFFFFFFFFFFFFFFFFFFFFFFFFFFFFFFFFFFFFE
:20E24000FFFFFFFFFFFFFFFFFFFFFFFFFFFFFFFFFFFFFFFFFFFFFFFFFFFFFFFFFFFFFFFFDE
:20E26000FFFFFFFFFFFFFFFFFFFFFFFFFFFFFFFFFFFFFFFFFFFFFFFFFFFFFFFFFFFFFFFFBE
:20E28000FFFFFFFFFFFFFFFFFFFFFFFFFFFFFFFFFFFFFFFFFFFFFFFFFFFFFFFFFFFFFFFF9E
:20E2A000FFFFFFFFFFFFFFFFFFFFFFFFFFFFFFFFFFFFFFFFFFFFFFFFFFFFFFFFFFFFFFFF7E
:20E2C000FFFFFFFFFFFFFFFFFFFFFFFFFFFFFFFFFFFFFFFFFFFFFFFFFFFFFFFFFFFFFFFF5E
:20E2E000FFFFFFFFFFFFFFFFFFFFFFFFFFFFFFFFFFFFFFFFFFFFFFFFFFFFFFFFFFFFFFFF3E
:20E30000FFFFFFFFFFFFFFFFFFFFFFFFFFFFFFFFFFFFFFFFFFFFFFFFFFFFFFFFFFFFFFFF1D
:20E32000FFFFFFFFFFFFFFFFFFFFFFFFFFFFFFFFFFFFFFFFFFFFFFFFFFFFFFFFFFFFFFFFFD
:20E34000FFFFFFFFFFFFFFFFFFFFFFFFFFFFFFFFFFFFFFFFFFFFFFFFFFFFFFFFFFFFFFFFDD
:20E36000FFFFFFFFFFFFFFFFFFFFFFFFFFFFFFFFFFFFFFFFFFFFFFFFFFFFFFFFFFFFFFFFBD
:20E38000FFFFFFFFFFFFFFFFFFFFFFFFFFFFFFFFFFFFFFFFFFFFFFFFFFFFFFFFFFFFFFFF9D
:20E3A000FFFFFFFFFFFFFFFFFFFFFFFFFFFFFFFFFFFFFFFFFFFFFFFFFFFFFFFFFFFFFFFF7D
:20E3C000FFFFFFFFFFFFFFFFFFFFFFFFFFFFFFFFFFFFFFFFFFFFFFFFFFFFFFFFFFFFFFFF5D
:20E3E000FFFFFFFFFFFFFFFFFFFFFFFFFFFFFFFFFFFFFFFFFFFFFFFFFFFFFFFFFFFFFFFF3D
:20E40000FFFFFFFFFFFFFFFFFFFFFFFFFFFFFFFFFFFFFFFFFFFFFFFFFFFFFFFFFFFFFFFF1C
:20E42000FFFFFFFFFFFFFFFFFFFFFFFFFFFFFFFFFFFFFFFFFFFFFFFFFFFFFFFFFFFFFFFFFC
:20E44000FFFFFFFFFFFFFFFFFFFFFFFFFFFFFFFFFFFFFFFFFFFFFFFFFFFFFFFFFFFFFFFFDC
:20E46000FFFFFFFFFFFFFFFFFFFFFFFFFFFFFFFFFFFFFFFFFFFFFFFFFFFFFFFFFFFFFFFFBC
:20E48000FFFFFFFFFFFFFFFFFFFFFFFFFFFFFFFFFFFFFFFFFFFFFFFFFFFFFFFFFFFFFFFF9C
:20E4A000FFFFFFFFFFFFFFFFFFFFFFFFFFFFFFFFFFFFFFFFFFFFFFFFFFFFFFFFFFFFFFFF7C
:20E4C000FFFFFFFFFFFFFFFFFFFFFFFFFFFFFFFFFFFFFFFFFFFFFFFFFFFFFFFFFFFFFFFF5C
:20E4E000FFFFFFFFFFFFFFFFFFFFFFFFFFFFFFFFFFFFFFFFFFFFFFFFFFFFFFFFFFFFFFFF3C
:20E50000FFFFFFFFFFFFFFFFFFFFFFFFFFFFFFFFFFFFFFFFFFFFFFFFFFFFFFFFFFFFFFFF1B
:20E52000FFFFFFFFFFFFFFFFFFFFFFFFFFFFFFFFFFFFFFFFFFFFFFFFFFFFFFFFFFFFFFFFFB
:20E54000FFFFFFFFFFFFFFFFFFFFFFFFFFFFFFFFFFFFFFFFFFFFFFFFFFFFFFFFFFFFFFFFDB
:20E56000FFFFFFFFFFFFFFFFFFFFFFFFFFFFFFFFFFFFFFFFFFFFFFFFFFFFFFFFFFFFFFFFBB
:20E58000FFFFFFFFFFFFFFFFFFFFFFFFFFFFFFFFFFFFFFFFFFFFFFFFFFFFFFFFFFFFFFFF9B
:20E5A000FFFFFFFFFFFFFFFFFFFFFFFFFFFFFFFFFFFFFFFFFFFFFFFFFFFFFFFFFFFFFFFF7B
:20E5C000FFFFFFFFFFFFFFFFFFFFFFFFFFFFFFFFFFFFFFFFFFFFFFFFFFFFFFFFFFFFFFFF5B
:20E5E000FFFFFFFFFFFFFFFFFFFFFFFFFFFFFFFFFFFFFFFFFFFFFFFFFFFFFFFFFFFFFFFF3B
:20E60000FFFFFFFFFFFFFFFFFFFFFFFFFFFFFFFFFFFFFFFFFFFFFFFFFFFFFFFFFFFFFFFF1A
:20E62000FFFFFFFFFFFFFFFFFFFFFFFFFFFFFFFFFFFFFFFFFFFFFFFFFFFFFFFFFFFFFFFFFA
:20E64000FFFFFFFFFFFFFFFFFFFFFFFFFFFFFFFFFFFFFFFFFFFFFFFFFFFFFFFFFFFFFFFFDA
:20E66000FFFFFFFFFFFFFFFFFFFFFFFFFFFFFFFFFFFFFFFFFFFFFFFFFFFFFFFFFFFFFFFFBA
:20E68000FFFFFFFFFFFFFFFFFFFFFFFFFFFFFFFFFFFFFFFFFFFFFFFFFFFFFFFFFFFFFFFF9A
:20E6A000FFFFFFFFFFFFFFFFFFFFFFFFFFFFFFFFFFFFFFFFFFFFFFFFFFFFFFFFFFFFFFFF7A
:20E6C000FFFFFFFFFFFFFFFFFFFFFFFFFFFFFFFFFFFFFFFFFFFFFFFFFFFFFFFFFFFFFFFF5A
:20E6E000FFFFFFFFFFFFFFFFFFFFFFFFFFFFFFFFFFFFFFFFFFFFFFFFFFFFFFFFFFFFFFFF3A
:20E70000FFFFFFFFFFFFFFFFFFFFFFFFFFFFFFFFFFFFFFFFFFFFFFFFFFFFFFFFFFFFFFFF19
:20E72000FFFFFFFFFFFFFFFFFFFFFFFFFFFFFFFFFFFFFFFFFFFFFFFFFFFFFFFFFFFFFFFFF9
:20E74000FFFFFFFFFFFFFFFFFFFFFFFFFFFFFFFFFFFFFFFFFFFFFFFFFFFFFFFFFFFFFFFFD9
:20E76000FFFFFFFFFFFFFFFFFFFFFFFFFFFFFFFFFFFFFFFFFFFFFFFFFFFFFFFFFFFFFFFFB9
:20E78000FFFFFFFFFFFFFFFFFFFFFFFFFFFFFFFFFFFFFFFFFFFFFFFFFFFFFFFFFFFFFFFF99
:20E7A000FFFFFFFFFFFFFFFFFFFFFFFFFFFFFFFFFFFFFFFFFFFFFFFFFFFFFFFFFFFFFFFF79
:20E7C000FFFFFFFFFFFFFFFFFFFFFFFFFFFFFFFFFFFFFFFFFFFFFFFFFFFFFFFFFFFFFFFF59
:20E7E000FFFFFFFFFFFFFFFFFFFFFFFFFFFFFFFFFFFFFFFFFFFFFFFFFFFFFFFFCA475B4980
:20E80000FFFFFFFFFFFFFFFFFFFFFFFFFFFFFFFFFFFFFFFFFFFFFFFFFFFFFFFFFFFFFFFF18
:20E82000FFFFFFFFFFFFFFFFFFFFFFFFFFFFFFFFFFFFFFFFFFFFFFFFFFFFFFFFFFFFFFFFF8
:20E84000FFFFFFFFFFFFFFFFFFFFFFFFFFFFFFFFFFFFFFFFFFFFFFFFFFFFFFFFFFFFFFFFD8
:20E86000FFFFFFFFFFFFFFFFFFFFFFFFFFFFFFFFFFFFFFFFFFFFFFFFFFFFFFFFFFFFFFFFB8
:20E88000FFFFFFFFFFFFFFFFFFFFFFFFFFFFFFFFFFFFFFFFFFFFFFFFFFFFFFFFFFFFFFFF98
:20E8A000FFFFFFFFFFFFFFFFFFFFFFFFFFFFFFFFFFFFFFFFFFFFFFFFFFFFFFFFFFFFFFFF78
:20E8C000FFFFFFFFFFFFFFFFFFFFFFFFFFFFFFFFFFFFFFFFFFFFFFFFFFFFFFFFFFFFFFFF58
:20E8E000FFFFFFFFFFFFFFFFFFFFFFFFFFFFFFFFFFFFFFFFFFFFFFFFFFFFFFFFFFFFFFFF38
:20E90000FFFFFFFFFFFFFFFFFFFFFFFFFFFFFFFFFFFFFFFFFFFFFFFFFFFFFFFFFFFFFFFF17
:20E92000FFFFFFFFFFFFFFFFFFFFFFFFFFFFFFFFFFFFFFFFFFFFFFFFFFFFFFFFFFFFFFFFF7
:20E94000FFFFFFFFFFFFFFFFFFFFFFFFFFFFFFFFFFFFFFFFFFFFFFFFFFFFFFFFFFFFFFFFD7
:20E96000FFFFFFFFFFFFFFFFFFFFFFFFFFFFFFFFFFFFFFFFFFFFFFFFFFFFFFFFFFFFFFFFB7
:20E98000FFFFFFFFFFFFFFFFFFFFFFFFFFFFFFFFFFFFFFFFFFFFFFFFFFFFFFFFFFFFFFFF97
:20E9A000FFFFFFFFFFFFFFFFFFFFFFFFFFFFFFFFFFFFFFFFFFFFFFFFFFFFFFFFFFFFFFFF77
:20E9C000FFFFFFFFFFFFFFFFFFFFFFFFFFFFFFFFFFFFFFFFFFFFFFFFFFFFFFFFFFFFFFFF57
:20E9E000FFFFFFFFFFFFFFFFFFFFFFFFFFFFFFFFFFFFFFFFFFFFFFFFFFFFFFFFFFFFFFFF37
:20EA0000FFFFFFFFFFFFFFFFFFFFFFFFFFFFFFFFFFFFFFFFFFFFFFFFFFFFFFFFFFFFFFFF16
:20EA2000FFFFFFFFFFFFFFFFFFFFFFFFFFFFFFFFFFFFFFFFFFFFFFFFFFFFFFFFFFFFFFFFF6
:20EA4000FFFFFFFFFFFFFFFFFFFFFFFFFFFFFFFFFFFFFFFFFFFFFFFFFFFFFFFFFFFFFFFFD6
:20EA6000FFFFFFFFFFFFFFFFFFFFFFFFFFFFFFFFFFFFFFFFFFFFFFFFFFFFFFFFFFFFFFFFB6
:20EA8000FFFFFFFFFFFFFFFFFFFFFFFFFFFFFFFFFFFFFFFFFFFFFFFFFFFFFFFFFFFFFFFF96
:20EAA000FFFFFFFFFFFFFFFFFFFFFFFFFFFFFFFFFFFFFFFFFFFFFFFFFFFFFFFFFFFFFFFF76
:20EAC000FFFFFFFFFFFFFFFFFFFFFFFFFFFFFFFFFFFFFFFFFFFFFFFFFFFFFFFFFFFFFFFF56
:20EAE000FFFFFFFFFFFFFFFFFFFFFFFFFFFFFFFFFFFFFFFFFFFFFFFFFFFFFFFFFFFFFFFF36
:20EB0000FFFFFFFFFFFFFFFFFFFFFFFFFFFFFFFFFFFFFFFFFFFFFFFFFFFFFFFFFFFFFFFF15
:20EB2000FFFFFFFFFFFFFFFFFFFFFFFFFFFFFFFFFFFFFFFFFFFFFFFFFFFFFFFFFFFFFFFFF5
:20EB4000FFFFFFFFFFFFFFFFFFFFFFFFFFFFFFFFFFFFFFFFFFFFFFFFFFFFFFFFFFFFFFFFD5
:20EB6000FFFFFFFFFFFFFFFFFFFFFFFFFFFFFFFFFFFFFFFFFFFFFFFFFFFFFFFFFFFFFFFFB5
:20EB8000FFFFFFFFFFFFFFFFFFFFFFFFFFFFFFFFFFFFFFFFFFFFFFFFFFFFFFFFFFFFFFFF95
:20EBA000FFFFFFFFFFFFFFFFFFFFFFFFFFFFFFFFFFFFFFFFFFFFFFFFFFFFFFFFFFFFFFFF75
:20EBC000FFFFFFFFFFFFFFFFFFFFFFFFFFFFFFFFFFFFFFFFFFFFFFFFFFFFFFFFFFFFFFFF55
:20EBE000FFFFFFFFFFFFFFFFFFFFFFFFFFFFFFFFFFFFFFFFFFFFFFFFFFFFFFFFFFFFFFFF35
:20EC0000FFFFFFFFFFFFFFFFFFFFFFFFFFFFFFFFFFFFFFFFFFFFFFFFFFFFFFFFFFFFFFFF14
:20EC2000FFFFFFFFFFFFFFFFFFFFFFFFFFFFFFFFFFFFFFFFFFFFFFFFFFFFFFFFFFFFFFFFF4
:20EC4000FFFFFFFFFFFFFFFFFFFFFFFFFFFFFFFFFFFFFFFFFFFFFFFFFFFFFFFFFFFFFFFFD4
:20EC6000FFFFFFFFFFFFFFFFFFFFFFFFFFFFFFFFFFFFFFFFFFFFFFFFFFFFFFFFFFFFFFFFB4
:20EC8000FFFFFFFFFFFFFFFFFFFFFFFFFFFFFFFFFFFFFFFFFFFFFFFFFFFFFFFFFFFFFFFF94
:20ECA000FFFFFFFFFFFFFFFFFFFFFFFFFFFFFFFFFFFFFFFFFFFFFFFFFFFFFFFFFFFFFFFF74
:20ECC000FFFFFFFFFFFFFFFFFFFFFFFFFFFFFFFFFFFFFFFFFFFFFFFFFFFFFFFFFFFFFFFF54
:20ECE000FFFFFFFFFFFFFFFFFFFFFFFFFFFFFFFFFFFFFFFFFFFFFFFFFFFFFFFFFFFFFFFF34
:20ED0000FFFFFFFFFFFFFFFFFFFFFFFFFFFFFFFFFFFFFFFFFFFFFFFFFFFFFFFFFFFFFFFF13
:20ED2000FFFFFFFFFFFFFFFFFFFFFFFFFFFFFFFFFFFFFFFFFFFFFFFFFFFFFFFFFFFFFFFFF3
:20ED4000FFFFFFFFFFFFFFFFFFFFFFFFFFFFFFFFFFFFFFFFFFFFFFFFFFFFFFFFFFFFFFFFD3
:20ED6000FFFFFFFFFFFFFFFFFFFFFFFFFFFFFFFFFFFFFFFFFFFFFFFFFFFFFFFFFFFFFFFFB3
:20ED8000FFFFFFFFFFFFFFFFFFFFFFFFFFFFFFFFFFFFFFFFFFFFFFFFFFFFFFFFFFFFFFFF93
:20EDA000FFFFFFFFFFFFFFFFFFFFFFFFFFFFFFFFFFFFFFFFFFFFFFFFFFFFFFFFFFFFFFFF73
:20EDC000FFFFFFFFFFFFFFFFFFFFFFFFFFFFFFFFFFFFFFFFFFFFFFFFFFFFFFFFFFFFFFFF53
:20EDE000FFFFFFFFFFFFFFFFFFFFFFFFFFFFFFFFFFFFFFFFFFFFFFFFFFFFFFFFFFFFFFFF33
:20EE0000FFFFFFFFFFFFFFFFFFFFFFFFFFFFFFFFFFFFFFFFFFFFFFFFFFFFFFFFFFFFFFFF12
:20EE2000FFFFFFFFFFFFFFFFFFFFFFFFFFFFFFFFFFFFFFFFFFFFFFFFFFFFFFFFFFFFFFFFF2
:20EE4000FFFFFFFFFFFFFFFFFFFFFFFFFFFFFFFFFFFFFFFFFFFFFFFFFFFFFFFFFFFFFFFFD2
:20EE6000FFFFFFFFFFFFFFFFFFFFFFFFFFFFFFFFFFFFFFFFFFFFFFFFFFFFFFFFFFFFFFFFB2
:20EE8000FFFFFFFFFFFFFFFFFFFFFFFFFFFFFFFFFFFFFFFFFFFFFFFFFFFFFFFFFFFFFFFF92
:20EEA000FFFFFFFFFFFFFFFFFFFFFFFFFFFFFFFFFFFFFFFFFFFFFFFFFFFFFFFFFFFFFFFF72
:20EEC000FFFFFFFFFFFFFFFFFFFFFFFFFFFFFFFFFFFFFFFFFFFFFFFFFFFFFFFFFFFFFFFF52
:20EEE000FFFFFFFFFFFFFFFFFFFFFFFFFFFFFFFFFFFFFFFFFFFFFFFFFFFFFFFFFFFFFFFF32
:20EF0000FFFFFFFFFFFFFFFFFFFFFFFFFFFFFFFFFFFFFFFFFFFFFFFFFFFFFFFFFFFFFFFF11
:20EF2000FFFFFFFFFFFFFFFFFFFFFFFFFFFFFFFFFFFFFFFFFFFFFFFFFFFFFFFFFFFFFFFFF1
:20EF4000FFFFFFFFFFFFFFFFFFFFFFFFFFFFFFFFFFFFFFFFFFFFFFFFFFFFFFFFFFFFFFFFD1
:20EF6000FFFFFFFFFFFFFFFFFFFFFFFFFFFFFFFFFFFFFFFFFFFFFFFFFFFFFFFFFFFFFFFFB1
:20EF8000FFFFFFFFFFFFFFFFFFFFFFFFFFFFFFFFFFFFFFFFFFFFFFFFFFFFFFFFFFFFFFFF91
:20EFA000FFFFFFFFFFFFFFFFFFFFFFFFFFFFFFFFFFFFFFFFFFFFFFFFFFFFFFFFFFFFFFFF71
:20EFC000FFFFFFFFFFFFFFFFFFFFFFFFFFFFFFFFFFFFFFFFFFFFFFFFFFFFFFFFFFFFFFFF51
:20EFE000FFFFFFFFFFFFFFFFFFFFFFFFFFFFFFFFFFFFFFFFFFFFFFFFFFFFFFFFFFFFFFFF31
:20F00000FFFFFFFFFFFFFFFFFFFFFFFFFFFFFFFFFFFFFFFFFFFFFFFFFFFFFFFFFFFFFFFF10
:20F02000FFFFFFFFFFFFFFFFFFFFFFFFFFFFFFFFFFFFFFFFFFFFFFFFFFFFFFFFFFFFFFFFF0
:20F04000FFFFFFFFFFFFFFFFFFFFFFFFFFFFFFFFFFFFFFFFFFFFFFFFFFFFFFFFFFFFFFFFD0
:20F06000FFFFFFFFFFFFFFFFFFFFFFFFFFFFFFFFFFFFFFFFFFFFFFFFFFFFFFFFFFFFFFFFB0
:20F08000FFFFFFFFFFFFFFFFFFFFFFFFFFFFFFFFFFFFFFFFFFFFFFFFFFFFFFFFFFFFFFFF90
:20F0A000FFFFFFFFFFFFFFFFFFFFFFFFFFFFFFFFFFFFFFFFFFFFFFFFFFFFFFFFFFFFFFFF70
:20F0C000FFFFFFFFFFFFFFFFFFFFFFFFFFFFFFFFFFFFFFFFFFFFFFFFFFFFFFFFFFFFFFFF50
:20F0E000FFFFFFFFFFFFFFFFFFFFFFFFFFFFFFFFFFFFFFFFFFFFFFFFFFFFFFFFFFFFFFFF30
:20F10000FFFFFFFFFFFFFFFFFFFFFFFFFFFFFFFFFFFFFFFFFFFFFFFFFFFFFFFFFFFFFFFF0F
:20F12000FFFFFFFFFFFFFFFFFFFFFFFFFFFFFFFFFFFFFFFFFFFFFFFFFFFFFFFFFFFFFFFFEF
:20F14000FFFFFFFFFFFFFFFFFFFFFFFFFFFFFFFFFFFFFFFFFFFFFFFFFFFFFFFFFFFFFFFFCF
:20F16000FFFFFFFFFFFFFFFFFFFFFFFFFFFFFFFFFFFFFFFFFFFFFFFFFFFFFFFFFFFFFFFFAF
:20F18000FFFFFFFFFFFFFFFFFFFFFFFFFFFFFFFFFFFFFFFFFFFFFFFFFFFFFFFFFFFFFFFF8F
:20F1A000FFFFFFFFFFFFFFFFFFFFFFFFFFFFFFFFFFFFFFFFFFFFFFFFFFFFFFFFFFFFFFFF6F
:20F1C000FFFFFFFFFFFFFFFFFFFFFFFFFFFFFFFFFFFFFFFFFFFFFFFFFFFFFFFFFFFFFFFF4F
:20F1E000FFFFFFFFFFFFFFFFFFFFFFFFFFFFFFFFFFFFFFFFFFFFFFFFFFFFFFFFFFFFFFFF2F
:20F20000FFFFFFFFFFFFFFFFFFFFFFFFFFFFFFFFFFFFFFFFFFFFFFFFFFFFFFFFFFFFFFFF0E
:20F22000FFFFFFFFFFFFFFFFFFFFFFFFFFFFFFFFFFFFFFFFFFFFFFFFFFFFFFFFFFFFFFFFEE
:20F24000FFFFFFFFFFFFFFFFFFFFFFFFFFFFFFFFFFFFFFFFFFFFFFFFFFFFFFFFFFFFFFFFCE
:20F26000FFFFFFFFFFFFFFFFFFFFFFFFFFFFFFFFFFFFFFFFFFFFFFFFFFFFFFFFFFFFFFFFAE
:20F28000FFFFFFFFFFFFFFFFFFFFFFFFFFFFFFFFFFFFFFFFFFFFFFFFFFFFFFFFFFFFFFFF8E
:20F2A000FFFFFFFFFFFFFFFFFFFFFFFFFFFFFFFFFFFFFFFFFFFFFFFFFFFFFFFFFFFFFFFF6E
:20F2C000FFFFFFFFFFFFFFFFFFFFFFFFFFFFFFFFFFFFFFFFFFFFFFFFFFFFFFFFFFFFFFFF4E
:20F2E000FFFFFFFFFFFFFFFFFFFFFFFFFFFFFFFFFFFFFFFFFFFFFFFFFFFFFFFFFFFFFFFF2E
:20F30000FFFFFFFFFFFFFFFFFFFFFFFFFFFFFFFFFFFFFFFFFFFFFFFFFFFFFFFFFFFFFFFF0D
:20F32000FFFFFFFFFFFFFFFFFFFFFFFFFFFFFFFFFFFFFFFFFFFFFFFFFFFFFFFFFFFFFFFFED
:20F34000FFFFFFFFFFFFFFFFFFFFFFFFFFFFFFFFFFFFFFFFFFFFFFFFFFFFFFFFFFFFFFFFCD
:20F36000FFFFFFFFFFFFFFFFFFFFFFFFFFFFFFFFFFFFFFFFFFFFFFFFFFFFFFFFFFFFFFFFAD
:20F38000FFFFFFFFFFFFFFFFFFFFFFFFFFFFFFFFFFFFFFFFFFFFFFFFFFFFFFFFFFFFFFFF8D
:20F3A000FFFFFFFFFFFFFFFFFFFFFFFFFFFFFFFFFFFFFFFFFFFFFFFFFFFFFFFFFFFFFFFF6D
:20F3C000FFFFFFFFFFFFFFFFFFFFFFFFFFFFFFFFFFFFFFFFFFFFFFFFFFFFFFFFFFFFFFFF4D
:20F3E000FFFFFFFFFFFFFFFFFFFFFFFFFFFFFFFFFFFFFFFFFFFFFFFFFFFFFFFFFFFFFFFF2D
:20F40000FFFFFFFFFFFFFFFFFFFFFFFFFFFFFFFFFFFFFFFFFFFFFFFFFFFFFFFFFFFFFFFF0C
:20F42000FFFFFFFFFFFFFFFFFFFFFFFFFFFFFFFFFFFFFFFFFFFFFFFFFFFFFFFFFFFFFFFFEC
:20F44000FFFFFFFFFFFFFFFFFFFFFFFFFFFFFFFFFFFFFFFFFFFFFFFFFFFFFFFFFFFFFFFFCC
:20F46000FFFFFFFFFFFFFFFFFFFFFFFFFFFFFFFFFFFFFFFFFFFFFFFFFFFFFFFFFFFFFFFFAC
:20F48000FFFFFFFFFFFFFFFFFFFFFFFFFFFFFFFFFFFFFFFFFFFFFFFFFFFFFFFFFFFFFFFF8C
:20F4A000FFFFFFFFFFFFFFFFFFFFFFFFFFFFFFFFFFFFFFFFFFFFFFFFFFFFFFFFFFFFFFFF6C
:20F4C000FFFFFFFFFFFFFFFFFFFFFFFFFFFFFFFFFFFFFFFFFFFFFFFFFFFFFFFFFFFFFFFF4C
:20F4E000FFFFFFFFFFFFFFFFFFFFFFFFFFFFFFFFFFFFFFFFFFFFFFFFFFFFFFFFFFFFFFFF2C
:20F50000FFFFFFFFFFFFFFFFFFFFFFFFFFFFFFFFFFFFFFFFFFFFFFFFFFFFFFFFFFFFFFFF0B
:20F52000FFFFFFFFFFFFFFFFFFFFFFFFFFFFFFFFFFFFFFFFFFFFFFFFFFFFFFFFFFFFFFFFEB
:20F54000FFFFFFFFFFFFFFFFFFFFFFFFFFFFFFFFFFFFFFFFFFFFFFFFFFFFFFFFFFFFFFFFCB
:20F56000FFFFFFFFFFFFFFFFFFFFFFFFFFFFFFFFFFFFFFFFFFFFFFFFFFFFFFFFFFFFFFFFAB
:20F58000FFFFFFFFFFFFFFFFFFFFFFFFFFFFFFFFFFFFFFFFFFFFFFFFFFFFFFFFFFFFFFFF8B
:20F5A000FFFFFFFFFFFFFFFFFFFFFFFFFFFFFFFFFFFFFFFFFFFFFFFFFFFFFFFFFFFFFFFF6B
:20F5C000FFFFFFFFFFFFFFFFFFFFFFFFFFFFFFFFFFFFFFFFFFFFFFFFFFFFFFFFFFFFFFFF4B
:20F5E000FFFFFFFFFFFFFFFFFFFFFFFFFFFFFFFFFFFFFFFFFFFFFFFFFFFFFFFFFFFFFFFF2B
:20F60000FFFFFFFFFFFFFFFFFFFFFFFFFFFFFFFFFFFFFFFFFFFFFFFFFFFFFFFFFFFFFFFF0A
:20F62000FFFFFFFFFFFFFFFFFFFFFFFFFFFFFFFFFFFFFFFFFFFFFFFFFFFFFFFFFFFFFFFFEA
:20F64000FFFFFFFFFFFFFFFFFFFFFFFFFFFFFFFFFFFFFFFFFFFFFFFFFFFFFFFFFFFFFFFFCA
:20F66000FFFFFFFFFFFFFFFFFFFFFFFFFFFFFFFFFFFFFFFFFFFFFFFFFFFFFFFFFFFFFFFFAA
:20F68000FFFFFFFFFFFFFFFFFFFFFFFFFFFFFFFFFFFFFFFFFFFFFFFFFFFFFFFFFFFFFFFF8A
:20F6A000FFFFFFFFFFFFFFFFFFFFFFFFFFFFFFFFFFFFFFFFFFFFFFFFFFFFFFFFFFFFFFFF6A
:20F6C000FFFFFFFFFFFFFFFFFFFFFFFFFFFFFFFFFFFFFFFFFFFFFFFFFFFFFFFFFFFFFFFF4A
:20F6E000FFFFFFFFFFFFFFFFFFFFFFFFFFFFFFFFFFFFFFFFFFFFFFFFFFFFFFFFFFFFFFFF2A
:20F70000FFFFFFFFFFFFFFFFFFFFFFFFFFFFFFFFFFFFFFFFFFFFFFFFFFFFFFFFFFFFFFFF09
:20F72000FFFFFFFFFFFFFFFFFFFFFFFFFFFFFFFFFFFFFFFFFFFFFFFFFFFFFFFFFFFFFFFFE9
:20F74000FFFFFFFFFFFFFFFFFFFFFFFFFFFFFFFFFFFFFFFFFFFFFFFFFFFFFFFFFFFFFFFFC9
:20F76000FFFFFFFFFFFFFFFFFFFFFFFFFFFFFFFFFFFFFFFFFFFFFFFFFFFFFFFFFFFFFFFFA9
:20F78000FFFFFFFFFFFFFFFFFFFFFFFFFFFFFFFFFFFFFFFFFFFFFFFFFFFFFFFFFFFFFFFF89
:20F7A000FFFFFFFFFFFFFFFFFFFFFFFFFFFFFFFFFFFFFFFFFFFFFFFFFFFFFFFFFFFFFFFF69
:20F7C000FFFFFFFFFFFFFFFFFFFFFFFFFFFFFFFFFFFFFFFFFFFFFFFFFFFFFFFFFFFFFFFF49
:20F7E000FFFFFFFFFFFFFFFFFFFFFFFFFFFFFFFFFFFFFFFFFFFFFFFFFFFFFFFFFFFFFFFF29
:20F80000FFFFFFFFFFFFFFFFFFFFFFFFFFFFFFFFFFFFFFFFFFFFFFFFFFFFFFFFFFFFFFFF08
:20F82000FFFFFFFFFFFFFFFFFFFFFFFFFFFFFFFFFFFFFFFFFFFFFFFFFFFFFFFFFFFFFFFFE8
:20F84000FFFFFFFFFFFFFFFFFFFFFFFFFFFFFFFFFFFFFFFFFFFFFFFFFFFFFFFFFFFFFFFFC8
:20F86000FFFFFFFFFFFFFFFFFFFFFFFFFFFFFFFFFFFFFFFFFFFFFFFFFFFFFFFFFFFFFFFFA8
:20F88000FFFFFFFFFFFFFFFFFFFFFFFFFFFFFFFFFFFFFFFFFFFFFFFFFFFFFFFFFFFFFFFF88
:20F8A000FFFFFFFFFFFFFFFFFFFFFFFFFFFFFFFFFFFFFFFFFFFFFFFFFFFFFFFFFFFFFFFF68
:20F8C000FFFFFFFFFFFFFFFFFFFFFFFFFFFFFFFFFFFFFFFFFFFFFFFFFFFFFFFFFFFFFFFF48
:20F8E000FFFFFFFFFFFFFFFFFFFFFFFFFFFFFFFFFFFFFFFFFFFFFFFFFFFFFFFFFFFFFFFF28
:20F90000FFFFFFFFFFFFFFFFFFFFFFFFFFFFFFFFFFFFFFFFFFFFFFFFFFFFFFFFFFFFFFFF07
:20F92000FFFFFFFFFFFFFFFFFFFFFFFFFFFFFFFFFFFFFFFFFFFFFFFFFFFFFFFFFFFFFFFFE7
:20F94000FFFFFFFFFFFFFFFFFFFFFFFFFFFFFFFFFFFFFFFFFFFFFFFFFFFFFFFFFFFFFFFFC7
:20F96000FFFFFFFFFFFFFFFFFFFFFFFFFFFFFFFFFFFFFFFFFFFFFFFFFFFFFFFFFFFFFFFFA7
:20F98000FFFFFFFFFFFFFFFFFFFFFFFFFFFFFFFFFFFFFFFFFFFFFFFFFFFFFFFFFFFFFFFF87
:20F9A000FFFFFFFFFFFFFFFFFFFFFFFFFFFFFFFFFFFFFFFFFFFFFFFFFFFFFFFFFFFFFFFF67
:20F9C000FFFFFFFFFFFFFFFFFFFFFFFFFFFFFFFFFFFFFFFFFFFFFFFFFFFFFFFFFFFFFFFF47
:20F9E000FFFFFFFFFFFFFFFFFFFFFFFFFFFFFFFFFFFFFFFFFFFFFFFFFFFFFFFFFFFFFFFF27
:20FA0000FFFFFFFFFFFFFFFFFFFFFFFFFFFFFFFFFFFFFFFFFFFFFFFFFFFFFFFFFFFFFFFF06
:20FA2000FFFFFFFFFFFFFFFFFFFFFFFFFFFFFFFFFFFFFFFFFFFFFFFFFFFFFFFFFFFFFFFFE6
:20FA4000FFFFFFFFFFFFFFFFFFFFFFFFFFFFFFFFFFFFFFFFFFFFFFFFFFFFFFFFFFFFFFFFC6
:20FA6000FFFFFFFFFFFFFFFFFFFFFFFFFFFFFFFFFFFFFFFFFFFFFFFFFFFFFFFFFFFFFFFFA6
:20FA8000FFFFFFFFFFFFFFFFFFFFFFFFFFFFFFFFFFFFFFFFFFFFFFFFFFFFFFFFFFFFFFFF86
:20FAA000FFFFFFFFFFFFFFFFFFFFFFFFFFFFFFFFFFFFFFFFFFFFFFFFFFFFFFFFFFFFFFFF66
:20FAC000FFFFFFFFFFFFFFFFFFFFFFFFFFFFFFFFFFFFFFFFFFFFFFFFFFFFFFFFFFFFFFFF46
:20FAE000FFFFFFFFFFFFFFFFFFFFFFFFFFFFFFFFFFFFFFFFFFFFFFFFFFFFFFFFFFFFFFFF26
:20FB0000FFFFFFFFFFFFFFFFFFFFFFFFFFFFFFFFFFFFFFFFFFFFFFFFFFFFFFFFFFFFFFFF05
:20FB2000FFFFFFFFFFFFFFFFFFFFFFFFFFFFFFFFFFFFFFFFFFFFFFFFFFFFFFFFFFFFFFFFE5
:20FB4000FFFFFFFFFFFFFFFFFFFFFFFFFFFFFFFFFFFFFFFFFFFFFFFFFFFFFFFFFFFFFFFFC5
:20FB6000FFFFFFFFFFFFFFFFFFFFFFFFFFFFFFFFFFFFFFFFFFFFFFFFFFFFFFFFFFFFFFFFA5
:20FB8000FFFFFFFFFFFFFFFFFFFFFFFFFFFFFFFFFFFFFFFFFFFFFFFFFFFFFFFFFFFFFFFF85
:20FBA000FFFFFFFFFFFFFFFFFFFFFFFFFFFFFFFFFFFFFFFFFFFFFFFFFFFFFFFFFFFFFFFF65
:20FBC000FFFFFFFFFFFFFFFFFFFFFFFFFFFFFFFFFFFFFFFFFFFFFFFFFFFFFFFFFFFFFFFF45
:20FBE000FFFFFFFFFFFFFFFFFFFFFFFFFFFFFFFFFFFFFFFFFFFFFFFFFFFFFFFFFFFFFFFF25
:20FC0000FFFFFFFFFFFFFFFFFFFFFFFFFFFFFFFFFFFFFFFFFFFFFFFFFFFFFFFFFFFFFFFF04
:20FC2000FFFFFFFFFFFFFFFFFFFFFFFFFFFFFFFFFFFFFFFFFFFFFFFFFFFFFFFFFFFFFFFFE4
:20FC4000FFFFFFFFFFFFFFFFFFFFFFFFFFFFFFFFFFFFFFFFFFFFFFFFFFFFFFFFFFFFFFFFC4
:20FC6000FFFFFFFFFFFFFFFFFFFFFFFFFFFFFFFFFFFFFFFFFFFFFFFFFFFFFFFFFFFFFFFFA4
:20FC8000FFFFFFFFFFFFFFFFFFFFFFFFFFFFFFFFFFFFFFFFFFFFFFFFFFFFFFFFFFFFFFFF84
:20FCA000FFFFFFFFFFFFFFFFFFFFFFFFFFFFFFFFFFFFFFFFFFFFFFFFFFFFFFFFFFFFFFFF64
:20FCC000FFFFFFFFFFFFFFFFFFFFFFFFFFFFFFFFFFFFFFFFFFFFFFFFFFFFFFFFFFFFFFFF44
:20FCE000FFFFFFFFFFFFFFFFFFFFFFFFFFFFFFFFFFFFFFFFFFFFFFFFFFFFFFFFFFFFFFFF24
:20FD0000FFFFFFFFFFFFFFFFFFFFFFFFFFFFFFFFFFFFFFFFFFFFFFFFFFFFFFFFFFFFFFFF03
:20FD2000FFFFFFFFFFFFFFFFFFFFFFFFFFFFFFFFFFFFFFFFFFFFFFFFFFFFFFFFFFFFFFFFE3
:20FD4000FFFFFFFFFFFFFFFFFFFFFFFFFFFFFFFFFFFFFFFFFFFFFFFFFFFFFFFFFFFFFFFFC3
:20FD6000FFFFFFFFFFFFFFFFFFFFFFFFFFFFFFFFFFFFFFFFFFFFFFFFFFFFFFFFFFFFFFFFA3
:20FD8000FFFFFFFFFFFFFFFFFFFFFFFFFFFFFFFFFFFFFFFFFFFFFFFFFFFFFFFFFFFFFFFF83
:20FDA000FFFFFFFFFFFFFFFFFFFFFFFFFFFFFFFFFFFFFFFFFFFFFFFFFFFFFFFFFFFFFFFF63
:20FDC000FFFFFFFFFFFFFFFFFFFFFFFFFFFFFFFFFFFFFFFFFFFFFFFFFFFFFFFFFFFFFFFF43
:20FDE000FFFFFFFFFFFFFFFFFFFFFFFFFFFFFFFFFFFFFFFFFFFFFFFFFFFFFFFFFFFFFFFF23
:20FE0000FFFFFFFFFFFFFFFFFFFFFFFFFFFFFFFFFFFFFFFFFFFFFFFFFFFFFFFFFFFFFFFF02
:20FE2000FFFFFFFFFFFFFFFFFFFFFFFFFFFFFFFFFFFFFFFFFFFFFFFFFFFFFFFFFFFFFFFFE2
:20FE4000FFFFFFFFFFFFFFFFFFFFFFFFFFFFFFFFFFFFFFFFFFFFFFFFFFFFFFFFFFFFFFFFC2
:20FE6000FFFFFFFFFFFFFFFFFFFFFFFFFFFFFFFFFFFFFFFFFFFFFFFFFFFFFFFFFFFFFFFFA2
:20FE8000FFFFFFFFFFFFFFFFFFFFFFFFFFFFFFFFFFFFFFFFFFFFFFFFFFFFFFFFFFFFFFFF82
:20FEA000FFFFFFFFFFFFFFFFFFFFFFFFFFFFFFFFFFFFFFFFFFFFFFFFFFFFFFFFFFFFFFFF62
:20FEC000FFFFFFFFFFFFFFFFFFFFFFFFFFFFFFFFFFFFFFFFFFFFFFFFFFFFFFFFFFFFFFFF42
:20FEE000FFFFFFFFFFFFFFFFFFFFFFFFFFFFFFFFFFFFFFFFFFFFFFFFFFFFFFFFFFFFFFFF22
:20FF0000FFFFFFFFFFFFFFFFFFFFFFFFFFFFFFFFFFFFFFFFFFFFFFFFFFFFFFFFFFFFFFFF01
:20FF2000FFFFFFFFFFFFFFFFFFFFFFFFFFFFFFFFFFFFFFFFFFFFFFFFFFFFFFFFFFFFFFFFE1
:20FF4000FFFFFFFFFFFFFFFFFFFFFFFFFFFFFFFFFFFFFFFFFFFFFFFFFFFFFFFFFFFFFFFFC1
:20FF6000FFFFFFFFFFFFFFFFFFFFFFFFFFFFFFFFFFFFFFFFFFFFFFFFFFFFFFFFFFFFFFFFA1
:20FF8000FFFFFFFFFFFFFFFFFFFFFFFFFFFFFFFFFFFFFFFFFFFFFFFFFFFFFFFFFFFFFFFF81
:20FFA000FFFFFFFFFFFFFFFFFFFFFFFFFFFFFFFFFFFFFFFFFFFFFFFFFFFFFFFFFFFFFFFF61
:20FFC000FFFFFFFFFFFFFFFFFFFFFFFFFFFFFFFFFFFFFFFFFFFFFFFFFFFFFFFFFFFFFFFF41
:20FFE000FFFFFFFFFFFFFFFFFFFFFFFFFFFFFFFFFFFFFFFFFFFFFFFFFFFFFFFFFFFFFFFF21
:00000001FF
